setting,query,method,rank,score,retrieved,retrieved_genre,pair_id
Exp1 entire corpus,Murphys rule box office with 'Norbit',one-hot,1,0.4472135954999579,'Stomp' steps to No. 1 at box office,newsheadline,113
Exp1 entire corpus,Murphys rule box office with 'Norbit',one-hot,2,0.39999999999999997,UK characters boosting box office,newsheadline,116
Exp1 entire corpus,Murphys rule box office with 'Norbit',one-hot,3,0.3162277660168379,"A huge box-office hit in Korea , Shiri is a must for genre fans .",moviereview,110
Exp1 entire corpus,Murphys rule box office with 'Norbit',one-hot,4,0.25819888974716115,"When you 've got the wildly popular Vin Diesel in the equation , it adds up to big box office bucks all but guaranteed .",moviereview,101
Exp1 entire corpus,Murphys rule box office with 'Norbit',one-hot,5,0.25819888974716115,'Norbit' a waste of Murphy,newsheadline,112
Exp1 entire corpus,Murphys rule box office with 'Norbit',one-hot,6,0.25819888974716115,"And I still rule this town, I'm just a little more mature, a little more with it.",blog,100
Exp1 entire corpus,Murphys rule box office with 'Norbit',one-hot,7,0.22360679774997896,"J. Lo will earn her share of the holiday box office pie , although this movie makes one thing perfectly clear : She 's a pretty woman , but she 's no working girl .",moviereview,107
Exp1 entire corpus,Murphys rule box office with 'Norbit',one-hot,8,0.22360679774997896,Ja Rule and Kurupt should have gotten to rap .,moviereview,103
Exp1 entire corpus,Murphys rule box office with 'Norbit',one-hot,9,0.22360679774997896,The recruiter comes in the office with a look of sadness and disappointment.,blog,114
Exp1 entire corpus,Murphys rule box office with 'Norbit',one-hot,10,0.22360679774997896,I than went to Office Max and got two jump drives.,blog,99
Exp1 entire corpus,Murphys rule box office with 'Norbit',tf-idf,1,0.37099981275646066,'Stomp' steps to No. 1 at box office,newsheadline,113
Exp1 entire corpus,Murphys rule box office with 'Norbit',tf-idf,2,0.34517217993565363,UK characters boosting box office,newsheadline,116
Exp1 entire corpus,Murphys rule box office with 'Norbit',tf-idf,3,0.3253990868383764,'Norbit' a waste of Murphy,newsheadline,112
Exp1 entire corpus,Murphys rule box office with 'Norbit',tf-idf,4,0.28837729433246423,"And I still rule this town, I'm just a little more mature, a little more with it.",blog,100
Exp1 entire corpus,Murphys rule box office with 'Norbit',tf-idf,5,0.28719005625695004,"A huge box-office hit in Korea , Shiri is a must for genre fans .",moviereview,110
Exp1 entire corpus,Murphys rule box office with 'Norbit',tf-idf,6,0.22381327547919322,Ja Rule and Kurupt should have gotten to rap .,moviereview,103
Exp1 entire corpus,Murphys rule box office with 'Norbit',tf-idf,7,0.217783478918214,"When you 've got the wildly popular Vin Diesel in the equation , it adds up to big box office bucks all but guaranteed .",moviereview,101
Exp1 entire corpus,Murphys rule box office with 'Norbit',tf-idf,8,0.21765609185772308,"I tried to follow Tom's rule of not buying anything on my first trip around the room, but that didn't quite hold.",blog,108
Exp1 entire corpus,Murphys rule box office with 'Norbit',tf-idf,9,0.21426607177144447,"J. Lo will earn her share of the holiday box office pie , although this movie makes one thing perfectly clear : She 's a pretty woman , but she 's no working girl .",moviereview,107
Exp1 entire corpus,Murphys rule box office with 'Norbit',tf-idf,10,0.18605954170130365,Three people have been laid off at the office in the past hour.,blog,109
Exp1 entire corpus,Murphys rule box office with 'Norbit',word2vec,1,0.9917355093329371,'Stomp' steps to No. 1 at box office,newsheadline,113
Exp1 entire corpus,Murphys rule box office with 'Norbit',word2vec,2,0.9689700793902423,I than went to Office Max and got two jump drives.,blog,99
Exp1 entire corpus,Murphys rule box office with 'Norbit',word2vec,3,0.9440320016883282,"Guaranteed to move anyone who ever shook , rattled , or rolled .",moviereview,111
Exp1 entire corpus,Murphys rule box office with 'Norbit',word2vec,4,0.9437208105040444,Now imagine the condensation from thousands of swamp box coolers pitter pattering on your head as you stroll down the trashy Athens streets.,blog,117
Exp1 entire corpus,Murphys rule box office with 'Norbit',word2vec,5,0.9431641319212659,The lady at the post office is starting to laugh at me.  Where am I going to put them all.,blog,115
Exp1 entire corpus,Murphys rule box office with 'Norbit',word2vec,6,0.9426178777566859,Right now we're on a train traveling from Rome to Florence.,blog,98
Exp1 entire corpus,Murphys rule box office with 'Norbit',word2vec,7,0.9425869260765877,"But in Imax 3-D , the clich's disappear into the vertiginous perspectives opened up by the photography .",moviereview,102
Exp1 entire corpus,Murphys rule box office with 'Norbit',word2vec,8,0.941683214262865,"I believe it was April, and spring had just arrived.",blog,104
Exp1 entire corpus,Murphys rule box office with 'Norbit',word2vec,9,0.9413251939170938,"I've left my Apollodorus Library of Greek Mythology on my bedside table, having just finished Jason and the Argonauts.",blog,106
Exp1 entire corpus,Murphys rule box office with 'Norbit',word2vec,10,0.9407735497304388,"Fuzz Pluck in Splitsville #4 of 5 by Ted Stearn surely I can't be the only fan of the mighty Fuzz Pluck; still, I've never seen this in a store, though Fantagraphics had it at their table.",blog,105
Exp1 entire corpus,Depp to star in spy poisoning film,one-hot,1,0.5477225575051662,Johnny Depp to make movie of spy poisoning,newsheadline,25
Exp1 entire corpus,Depp to star in spy poisoning film,one-hot,2,0.50709255283711,Variety: Johnny Depp to make movie of spy poisoning,newsheadline,24
Exp1 entire corpus,Depp to star in spy poisoning film,one-hot,3,0.4472135954999579,Do not see this film .,moviereview,5
Exp1 entire corpus,Depp to star in spy poisoning film,one-hot,4,0.4472135954999579,Spy-vs .,moviereview,10
Exp1 entire corpus,Depp to star in spy poisoning film,one-hot,5,0.36514837167011077,"A film star in Kampala, conjuring aminos ghost",newsheadline,7
Exp1 entire corpus,Depp to star in spy poisoning film,one-hot,6,0.3380617018914066,It 's never a good sign when a film 's star spends the entirety of the film in a coma .,moviereview,3
Exp1 entire corpus,Depp to star in spy poisoning film,one-hot,7,0.3162277660168379,"The film 's greatest asset is how much it 's not just another connect-the-dots , spy-on-the-run picture .",moviereview,18
Exp1 entire corpus,Depp to star in spy poisoning film,one-hot,8,0.3162277660168379,He 's Super Spy !,moviereview,20
Exp1 entire corpus,Depp to star in spy poisoning film,one-hot,9,0.3162277660168379,I liked this film a lot ...,moviereview,16
Exp1 entire corpus,Depp to star in spy poisoning film,one-hot,10,0.3162277660168379,A captivating new film .,moviereview,13
Exp1 entire corpus,Depp to star in spy poisoning film,tf-idf,1,0.7357332145752002,Johnny Depp to make movie of spy poisoning,newsheadline,25
Exp1 entire corpus,Depp to star in spy poisoning film,tf-idf,2,0.6726252136635927,Variety: Johnny Depp to make movie of spy poisoning,newsheadline,24
Exp1 entire corpus,Depp to star in spy poisoning film,tf-idf,3,0.4184371404092136,Spy-vs .,moviereview,10
Exp1 entire corpus,Depp to star in spy poisoning film,tf-idf,4,0.34443143225212125,Depp 'to make Litvinenko movie',newsheadline,6
Exp1 entire corpus,Depp to star in spy poisoning film,tf-idf,5,0.28766786523773696,It wo n't be long before you 'll spy I Spy at a video store near you .,moviereview,8
Exp1 entire corpus,Depp to star in spy poisoning film,tf-idf,6,0.28430516765588343,He 's Super Spy !,moviereview,20
Exp1 entire corpus,Depp to star in spy poisoning film,tf-idf,7,0.2683966043894128,You 'll know a star when you see one .,moviereview,19
Exp1 entire corpus,Depp to star in spy poisoning film,tf-idf,8,0.23641562147666767,A well-executed spy-thriller .,moviereview,2
Exp1 entire corpus,Depp to star in spy poisoning film,tf-idf,9,0.2314601676222273,A four star performance from Kevin Kline who unfortunately works with a two star script .,moviereview,23
Exp1 entire corpus,Depp to star in spy poisoning film,tf-idf,10,0.2262419720773184,Humor in I Spy is so anemic .,moviereview,15
Exp1 entire corpus,Depp to star in spy poisoning film,word2vec,1,0.9191878648963226,It 's like an all-star salute to Disney 's cheesy commercialism .,moviereview,9
Exp1 entire corpus,Depp to star in spy poisoning film,word2vec,2,0.9092039113196674,"A film star in Kampala, conjuring aminos ghost",newsheadline,7
Exp1 entire corpus,Depp to star in spy poisoning film,word2vec,3,0.9055018166300355,"My precious new Star Wars movie is a lumbering , wheezy drag ...",moviereview,11
Exp1 entire corpus,Depp to star in spy poisoning film,word2vec,4,0.9029983708139795,"The real star of this movie is the score , as in the songs translate well to film , and it 's really well directed .",moviereview,12
Exp1 entire corpus,Depp to star in spy poisoning film,word2vec,5,0.8989210499460262,"-LRB- Grant 's -RRB- bumbling magic takes over the film , and it turns out to be another winning star vehicle .",moviereview,4
Exp1 entire corpus,Depp to star in spy poisoning film,word2vec,6,0.8985831575950859,Star Trek : Nemesis meekly goes where nearly every Star Trek movie has gone before .,moviereview,21
Exp1 entire corpus,Depp to star in spy poisoning film,word2vec,7,0.8870567361291579,"This Bond film goes off the beaten path , not necessarily for the better .",moviereview,17
Exp1 entire corpus,Depp to star in spy poisoning film,word2vec,8,0.8860219096430813,"Star Trek was kind of terrific once , but now it is a copy of a copy of a copy .",moviereview,1
Exp1 entire corpus,Depp to star in spy poisoning film,word2vec,9,0.884386916629839,"Strip it of all its excess debris , and you 'd have a 90-minute , four-star movie .",moviereview,22
Exp1 entire corpus,Depp to star in spy poisoning film,word2vec,10,0.8802526852037473,A terrific insider look at the star-making machinery of tinseltown .,moviereview,14
Exp1 entire corpus,Vaccine mandate upsets legislators,one-hot,1,0.2886751345948129,Vaccines: Mandate or choice?,newsheadline,143
Exp1 entire corpus,Vaccine mandate upsets legislators,one-hot,2,0.25,Fight starts over HPV vaccine,newsheadline,145
Exp1 entire corpus,Vaccine mandate upsets legislators,one-hot,3,0.25,Deaths linked to flu vaccine,newsheadline,150
Exp1 entire corpus,Vaccine mandate upsets legislators,one-hot,4,0.22360679774997896,Bill would strip convicted legislators of pensions,newsheadline,159
Exp1 entire corpus,Vaccine mandate upsets legislators,one-hot,5,0.22360679774997896,"New vaccine for cervical cancer could prove useful in men, too",newsheadline,154
Exp1 entire corpus,Vaccine mandate upsets legislators,one-hot,6,0.22360679774997896,Committee debates cancer vaccine plan,newsheadline,157
Exp1 entire corpus,Vaccine mandate upsets legislators,one-hot,7,0.22360679774997896,A personal plea for HPV vaccine plan,newsheadline,148
Exp1 entire corpus,Vaccine mandate upsets legislators,one-hot,8,0.22360679774997896,"Libby defense upsets judge, rests",newsheadline,155
Exp1 entire corpus,Vaccine mandate upsets legislators,one-hot,9,0.20412414523193154,Flu Vaccine Appears Safe for Young Children,newsheadline,153
Exp1 entire corpus,Vaccine mandate upsets legislators,one-hot,10,0.1889822365046136,Arthurs upsets Robredo in first round at the St. Petersburg Open,newsheadline,156
Exp1 entire corpus,Vaccine mandate upsets legislators,tf-idf,1,0.31726170095753253,Vaccines: Mandate or choice?,newsheadline,143
Exp1 entire corpus,Vaccine mandate upsets legislators,tf-idf,2,0.24759342279749214,Fight starts over HPV vaccine,newsheadline,145
Exp1 entire corpus,Vaccine mandate upsets legislators,tf-idf,3,0.2473742363796327,Bill would strip convicted legislators of pensions,newsheadline,159
Exp1 entire corpus,Vaccine mandate upsets legislators,tf-idf,4,0.23712667627187992,Deaths linked to flu vaccine,newsheadline,150
Exp1 entire corpus,Vaccine mandate upsets legislators,tf-idf,5,0.2243338289270647,"Libby defense upsets judge, rests",newsheadline,155
Exp1 entire corpus,Vaccine mandate upsets legislators,tf-idf,6,0.22236068410035584,Flu Vaccine Appears Safe for Young Children,newsheadline,153
Exp1 entire corpus,Vaccine mandate upsets legislators,tf-idf,7,0.22157967115085117,"New vaccine for cervical cancer could prove useful in men, too",newsheadline,154
Exp1 entire corpus,Vaccine mandate upsets legislators,tf-idf,8,0.21386520020745903,A personal plea for HPV vaccine plan,newsheadline,148
Exp1 entire corpus,Vaccine mandate upsets legislators,tf-idf,9,0.2055076685102453,Committee debates cancer vaccine plan,newsheadline,157
Exp1 entire corpus,Vaccine mandate upsets legislators,tf-idf,10,0.19109700741411487,Arthurs upsets Robredo in first round at the St. Petersburg Open,newsheadline,156
Exp1 entire corpus,Vaccine mandate upsets legislators,word2vec,1,0.9921323145838737,Colombia FM resigns after relatives' arrests for militia links,newsheadline,142
Exp1 entire corpus,Vaccine mandate upsets legislators,word2vec,2,0.9914928219915001,Celebrities Protest Malibu Gas Facility,newsheadline,140
Exp1 entire corpus,Vaccine mandate upsets legislators,word2vec,3,0.9907873529611672,Senate votes to revoke pensions,newsheadline,141
Exp1 entire corpus,Vaccine mandate upsets legislators,word2vec,4,0.9904095931957956,Portugal to vote on abortion laws,newsheadline,158
Exp1 entire corpus,Vaccine mandate upsets legislators,word2vec,5,0.9899663990298351,Kidnappers seize two in Nigeria,newsheadline,147
Exp1 entire corpus,Vaccine mandate upsets legislators,word2vec,6,0.9899098686216994,Putin vows to tackle illegal immigration,newsheadline,146
Exp1 entire corpus,Vaccine mandate upsets legislators,word2vec,7,0.9898271219474656,FDA revises label warnings on the antibiotic Ketek,newsheadline,149
Exp1 entire corpus,Vaccine mandate upsets legislators,word2vec,8,0.9896670349420542,"Sony Hates Europeans, Will Prevent The Importing of PS3",newsheadline,151
Exp1 entire corpus,Vaccine mandate upsets legislators,word2vec,9,0.9891263452494238,Minister slams airlines on carbon,newsheadline,144
Exp1 entire corpus,Vaccine mandate upsets legislators,word2vec,10,0.9887670369880068,Kentucky wants to ban alcohol inhalers,newsheadline,152
Exp1 entire corpus,"You may leave the theater with more questions than answers , but darned if your toes wo n't still be tapping .",one-hot,1,0.4999999999999999,"Questions, only questions, with no answers.",blog,197
Exp1 entire corpus,"You may leave the theater with more questions than answers , but darned if your toes wo n't still be tapping .",one-hot,2,0.47434164902525683,"At the very least , if you do n't know anything about Derrida when you walk into the theater , you wo n't know much more when you leave .",moviereview,189
Exp1 entire corpus,"You may leave the theater with more questions than answers , but darned if your toes wo n't still be tapping .",one-hot,3,0.35355339059327373,`` Abandon '' will leave you wanting to abandon the theater .,moviereview,194
Exp1 entire corpus,"You may leave the theater with more questions than answers , but darned if your toes wo n't still be tapping .",one-hot,4,0.35355339059327373,But it does n't leave you with much .,moviereview,193
Exp1 entire corpus,"You may leave the theater with more questions than answers , but darned if your toes wo n't still be tapping .",one-hot,5,0.35355339059327373,"Well, I'm not going to leave you alone.",blog,192
Exp1 entire corpus,"You may leave the theater with more questions than answers , but darned if your toes wo n't still be tapping .",one-hot,6,0.35355339059327373,where did we leave off.,blog,198
Exp1 entire corpus,"You may leave the theater with more questions than answers , but darned if your toes wo n't still be tapping .",one-hot,7,0.35355339059327373,Just leave us alone.,blog,200
Exp1 entire corpus,"You may leave the theater with more questions than answers , but darned if your toes wo n't still be tapping .",one-hot,8,0.3162277660168379,"And , there 's no way you wo n't be talking about the film once you exit the theater .",moviereview,187
Exp1 entire corpus,"You may leave the theater with more questions than answers , but darned if your toes wo n't still be tapping .",one-hot,9,0.2886751345948129,The only excitement comes when the credits finally roll and you get to leave the theater .,moviereview,183
Exp1 entire corpus,"You may leave the theater with more questions than answers , but darned if your toes wo n't still be tapping .",one-hot,10,0.2886751345948129,He was asking all these questions that I was completely baffled by and people were just spouting answers.,blog,195
Exp1 entire corpus,"You may leave the theater with more questions than answers , but darned if your toes wo n't still be tapping .",tf-idf,1,0.4610544388364454,"Questions, only questions, with no answers.",blog,197
Exp1 entire corpus,"You may leave the theater with more questions than answers , but darned if your toes wo n't still be tapping .",tf-idf,2,0.3552547306434622,"At the very least , if you do n't know anything about Derrida when you walk into the theater , you wo n't know much more when you leave .",moviereview,189
Exp1 entire corpus,"You may leave the theater with more questions than answers , but darned if your toes wo n't still be tapping .",tf-idf,3,0.28593026586525283,But it does n't leave you with much .,moviereview,193
Exp1 entire corpus,"You may leave the theater with more questions than answers , but darned if your toes wo n't still be tapping .",tf-idf,4,0.28593026586525283,"Well, I'm not going to leave you alone.",blog,192
Exp1 entire corpus,"You may leave the theater with more questions than answers , but darned if your toes wo n't still be tapping .",tf-idf,5,0.28593026586525283,where did we leave off.,blog,198
Exp1 entire corpus,"You may leave the theater with more questions than answers , but darned if your toes wo n't still be tapping .",tf-idf,6,0.28593026586525283,Just leave us alone.,blog,200
Exp1 entire corpus,"You may leave the theater with more questions than answers , but darned if your toes wo n't still be tapping .",tf-idf,7,0.276989258522702,He was asking all these questions that I was completely baffled by and people were just spouting answers.,blog,195
Exp1 entire corpus,"You may leave the theater with more questions than answers , but darned if your toes wo n't still be tapping .",tf-idf,8,0.27098360818170547,"The film 's real appeal wo n't be to Clooney fans or adventure buffs , but to moviegoers who enjoy thinking about compelling questions with no easy answers .",moviereview,188
Exp1 entire corpus,"You may leave the theater with more questions than answers , but darned if your toes wo n't still be tapping .",tf-idf,9,0.2687927335457484,and we come away with the cutest toes ever.,blog,185
Exp1 entire corpus,"You may leave the theater with more questions than answers , but darned if your toes wo n't still be tapping .",tf-idf,10,0.26546473615839394,"And , there 's no way you wo n't be talking about the film once you exit the theater .",moviereview,187
Exp1 entire corpus,"You may leave the theater with more questions than answers , but darned if your toes wo n't still be tapping .",word2vec,1,0.9723299352250515,`` Abandon '' will leave you wanting to abandon the theater .,moviereview,194
Exp1 entire corpus,"You may leave the theater with more questions than answers , but darned if your toes wo n't still be tapping .",word2vec,2,0.9701795810896684,"At the very least , if you do n't know anything about Derrida when you walk into the theater , you wo n't know much more when you leave .",moviereview,189
Exp1 entire corpus,"You may leave the theater with more questions than answers , but darned if your toes wo n't still be tapping .",word2vec,3,0.9688765276705956,"However, if you are so compelled to do so, please leave your thoughts and comments.",blog,186
Exp1 entire corpus,"You may leave the theater with more questions than answers , but darned if your toes wo n't still be tapping .",word2vec,4,0.9627314654742477,The only excitement comes when the credits finally roll and you get to leave the theater .,moviereview,183
Exp1 entire corpus,"You may leave the theater with more questions than answers , but darned if your toes wo n't still be tapping .",word2vec,5,0.957366253003978,"A worthwhile documentary , whether you 're into rap or not , even if it may still leave you wanting more answers as the credits roll .",moviereview,184
Exp1 entire corpus,"You may leave the theater with more questions than answers , but darned if your toes wo n't still be tapping .",word2vec,6,0.9558665659559613,Why spend $ 9 on the same stuff you can get for a buck or so in that greasy little vidgame pit in the theater lobby ?,moviereview,190
Exp1 entire corpus,"You may leave the theater with more questions than answers , but darned if your toes wo n't still be tapping .",word2vec,7,0.9524093428612347,"Yoga at Ibiza was AWESOME, didn't want to leave.",blog,199
Exp1 entire corpus,"You may leave the theater with more questions than answers , but darned if your toes wo n't still be tapping .",word2vec,8,0.9501074487720987,"Pit bulls jump miniature pony, leave her bloody",newsheadline,191
Exp1 entire corpus,"You may leave the theater with more questions than answers , but darned if your toes wo n't still be tapping .",word2vec,9,0.9470971822172918,"Deep down , I realized the harsh reality of my situation : I would leave the theater with a lower I.Q. than when I had entered .",moviereview,182
Exp1 entire corpus,"You may leave the theater with more questions than answers , but darned if your toes wo n't still be tapping .",word2vec,10,0.9458788766075952,"So fiendishly cunning that even the most jaded cinema audiences will leave the auditorium feeling dizzy , confused , and totally disorientated .",moviereview,196
Exp1 entire corpus,"Despite its shortcomings , Girls Ca n't Swim represents an engaging and intimate first feature by a talented director to watch , and it 's a worthy entry in the French coming-of-age genre .",one-hot,1,0.39605901719066977,Gives an intriguing twist to the French coming-of-age genre .,moviereview,28
Exp1 entire corpus,"Despite its shortcomings , Girls Ca n't Swim represents an engaging and intimate first feature by a talented director to watch , and it 's a worthy entry in the French coming-of-age genre .",one-hot,2,0.36380343755449945,A worthy entry into a very difficult genre .,moviereview,36
Exp1 entire corpus,"Despite its shortcomings , Girls Ca n't Swim represents an engaging and intimate first feature by a talented director to watch , and it 's a worthy entry in the French coming-of-age genre .",one-hot,3,0.29411764705882354,"A typically observant , carefully nuanced and intimate French coming-of-age film that is an encouraging debut feature but has a needlessly downbeat ending that is too heavy for all that has preceded it .",moviereview,35
Exp1 entire corpus,"Despite its shortcomings , Girls Ca n't Swim represents an engaging and intimate first feature by a talented director to watch , and it 's a worthy entry in the French coming-of-age genre .",one-hot,4,0.27500954910846337,An overly melodramatic but somewhat insightful French coming-of-age film ...,moviereview,46
Exp1 entire corpus,"Despite its shortcomings , Girls Ca n't Swim represents an engaging and intimate first feature by a talented director to watch , and it 's a worthy entry in the French coming-of-age genre .",one-hot,5,0.24253562503633297,A delightful coming-of-age story .,moviereview,44
Exp1 entire corpus,"Despite its shortcomings , Girls Ca n't Swim represents an engaging and intimate first feature by a talented director to watch , and it 's a worthy entry in the French coming-of-age genre .",one-hot,6,0.24253562503633297,Mr. Koshashvili is a director to watch .,moviereview,38
Exp1 entire corpus,"Despite its shortcomings , Girls Ca n't Swim represents an engaging and intimate first feature by a talented director to watch , and it 's a worthy entry in the French coming-of-age genre .",one-hot,7,0.24253562503633297,Its director 's most substantial feature for some time .,moviereview,27
Exp1 entire corpus,"Despite its shortcomings , Girls Ca n't Swim represents an engaging and intimate first feature by a talented director to watch , and it 's a worthy entry in the French coming-of-age genre .",one-hot,8,0.24253562503633297,This New Zealand coming-of-age movie is n't really about anything .,moviereview,43
Exp1 entire corpus,"Despite its shortcomings , Girls Ca n't Swim represents an engaging and intimate first feature by a talented director to watch , and it 's a worthy entry in the French coming-of-age genre .",one-hot,9,0.24253562503633297,I 'd rather watch a rerun of The Powerpuff Girls,moviereview,32
Exp1 entire corpus,"Despite its shortcomings , Girls Ca n't Swim represents an engaging and intimate first feature by a talented director to watch , and it 's a worthy entry in the French coming-of-age genre .",one-hot,10,0.24253562503633297,and `` They 're coming ! '',moviereview,29
Exp1 entire corpus,"Despite its shortcomings , Girls Ca n't Swim represents an engaging and intimate first feature by a talented director to watch , and it 's a worthy entry in the French coming-of-age genre .",tf-idf,1,0.38576416958652604,A worthy entry into a very difficult genre .,moviereview,36
Exp1 entire corpus,"Despite its shortcomings , Girls Ca n't Swim represents an engaging and intimate first feature by a talented director to watch , and it 's a worthy entry in the French coming-of-age genre .",tf-idf,2,0.3459552551693589,Gives an intriguing twist to the French coming-of-age genre .,moviereview,28
Exp1 entire corpus,"Despite its shortcomings , Girls Ca n't Swim represents an engaging and intimate first feature by a talented director to watch , and it 's a worthy entry in the French coming-of-age genre .",tf-idf,3,0.2516629577842445,"But people swim in this, right.",blog,26
Exp1 entire corpus,"Despite its shortcomings , Girls Ca n't Swim represents an engaging and intimate first feature by a talented director to watch , and it 's a worthy entry in the French coming-of-age genre .",tf-idf,4,0.24270139250192874,"A typically observant , carefully nuanced and intimate French coming-of-age film that is an encouraging debut feature but has a needlessly downbeat ending that is too heavy for all that has preceded it .",moviereview,35
Exp1 entire corpus,"Despite its shortcomings , Girls Ca n't Swim represents an engaging and intimate first feature by a talented director to watch , and it 's a worthy entry in the French coming-of-age genre .",tf-idf,5,0.2390219709999034,An overly melodramatic but somewhat insightful French coming-of-age film ...,moviereview,46
Exp1 entire corpus,"Despite its shortcomings , Girls Ca n't Swim represents an engaging and intimate first feature by a talented director to watch , and it 's a worthy entry in the French coming-of-age genre .",tf-idf,6,0.2319038121482973,"Everything about Girls Ca n't Swim , even its passages of sensitive observation , feels secondhand , familiar -- and not in a good way .",moviereview,37
Exp1 entire corpus,"Despite its shortcomings , Girls Ca n't Swim represents an engaging and intimate first feature by a talented director to watch , and it 's a worthy entry in the French coming-of-age genre .",tf-idf,7,0.21970023825150592,Over age 15 ?,moviereview,33
Exp1 entire corpus,"Despite its shortcomings , Girls Ca n't Swim represents an engaging and intimate first feature by a talented director to watch , and it 's a worthy entry in the French coming-of-age genre .",tf-idf,8,0.21904031703154564,A delightful coming-of-age story .,moviereview,44
Exp1 entire corpus,"Despite its shortcomings , Girls Ca n't Swim represents an engaging and intimate first feature by a talented director to watch , and it 's a worthy entry in the French coming-of-age genre .",tf-idf,9,0.21380905360648314,and `` They 're coming ! '',moviereview,29
Exp1 entire corpus,"Despite its shortcomings , Girls Ca n't Swim represents an engaging and intimate first feature by a talented director to watch , and it 's a worthy entry in the French coming-of-age genre .",tf-idf,10,0.21380905360648314,You're not coming with us.,blog,34
Exp1 entire corpus,"Despite its shortcomings , Girls Ca n't Swim represents an engaging and intimate first feature by a talented director to watch , and it 's a worthy entry in the French coming-of-age genre .",word2vec,1,0.9499968159459381,"The heedless impetuousness of youth is on full , irritating display in -LRB- this -RRB- meandering and pointless French coming-of-age import from writer-director Anne-Sophie Birot .",moviereview,41
Exp1 entire corpus,"Despite its shortcomings , Girls Ca n't Swim represents an engaging and intimate first feature by a talented director to watch , and it 's a worthy entry in the French coming-of-age genre .",word2vec,2,0.9452634904970099,A grand fart coming from a director beginning to resemble someone 's crazy French grandfather .,moviereview,45
Exp1 entire corpus,"Despite its shortcomings , Girls Ca n't Swim represents an engaging and intimate first feature by a talented director to watch , and it 's a worthy entry in the French coming-of-age genre .",word2vec,3,0.9340011525546098,"A typically observant , carefully nuanced and intimate French coming-of-age film that is an encouraging debut feature but has a needlessly downbeat ending that is too heavy for all that has preceded it .",moviereview,35
Exp1 entire corpus,"Despite its shortcomings , Girls Ca n't Swim represents an engaging and intimate first feature by a talented director to watch , and it 's a worthy entry in the French coming-of-age genre .",word2vec,4,0.9102298074295917,"Nine Queens is not only than a frighteningly capable debut and genre piece , but also a snapshot of a dangerous political situation on the verge of coming to a head .",moviereview,39
Exp1 entire corpus,"Despite its shortcomings , Girls Ca n't Swim represents an engaging and intimate first feature by a talented director to watch , and it 's a worthy entry in the French coming-of-age genre .",word2vec,5,0.9093020141145074,"The powerful success of Read My Lips with such provocative material shows why , after only three films , director/co-writer Jacques Audiard , though little known in this country , belongs in the very top rank of French filmmakers .",moviereview,30
Exp1 entire corpus,"Despite its shortcomings , Girls Ca n't Swim represents an engaging and intimate first feature by a talented director to watch , and it 's a worthy entry in the French coming-of-age genre .",word2vec,6,0.909010099712678,Sarkozy letter surprises French cartoons hearing,newsheadline,47
Exp1 entire corpus,"Despite its shortcomings , Girls Ca n't Swim represents an engaging and intimate first feature by a talented director to watch , and it 's a worthy entry in the French coming-of-age genre .",word2vec,7,0.9076615123757334,"It 's immensely ambitious , different than anything that 's been done before and amazingly successful in terms of what it 's trying to do .",moviereview,40
Exp1 entire corpus,"Despite its shortcomings , Girls Ca n't Swim represents an engaging and intimate first feature by a talented director to watch , and it 's a worthy entry in the French coming-of-age genre .",word2vec,8,0.9060430987864523,"a huge disappointment coming , as it does , from filmmakers and performers of this calibre",moviereview,31
Exp1 entire corpus,"Despite its shortcomings , Girls Ca n't Swim represents an engaging and intimate first feature by a talented director to watch , and it 's a worthy entry in the French coming-of-age genre .",word2vec,9,0.9039247350034714,A worthy entry into a very difficult genre .,moviereview,36
Exp1 entire corpus,"Despite its shortcomings , Girls Ca n't Swim represents an engaging and intimate first feature by a talented director to watch , and it 's a worthy entry in the French coming-of-age genre .",word2vec,10,0.902384957759838,"Doug Liman , the director of Bourne , directs the traffic well , gets a nice wintry look from his locations , absorbs us with the movie 's spycraft and uses Damon 's ability to be focused and sincere .",moviereview,42
Exp1 entire corpus,"While Benigni -LRB- who stars and co-wrote -RRB- seems to be having a wonderful time , he might be alone in that .",one-hot,1,0.6324555320336758,We had a wonderful time.,blog,181
Exp1 entire corpus,"While Benigni -LRB- who stars and co-wrote -RRB- seems to be having a wonderful time , he might be alone in that .",one-hot,2,0.4472135954999579,What Time Is It There ?,moviereview,178
Exp1 entire corpus,"While Benigni -LRB- who stars and co-wrote -RRB- seems to be having a wonderful time , he might be alone in that .",one-hot,3,0.4472135954999579,It 's about time .,moviereview,163
Exp1 entire corpus,"While Benigni -LRB- who stars and co-wrote -RRB- seems to be having a wonderful time , he might be alone in that .",one-hot,4,0.4472135954999579,wrote.,blog,165
Exp1 entire corpus,"While Benigni -LRB- who stars and co-wrote -RRB- seems to be having a wonderful time , he might be alone in that .",one-hot,5,0.4472135954999579,Now which one are you most of the time.,blog,167
Exp1 entire corpus,"While Benigni -LRB- who stars and co-wrote -RRB- seems to be having a wonderful time , he might be alone in that .",one-hot,6,0.4472135954999579,"Just as an example, here's something he wrote.",blog,170
Exp1 entire corpus,"While Benigni -LRB- who stars and co-wrote -RRB- seems to be having a wonderful time , he might be alone in that .",one-hot,7,0.4472135954999579,"That, and time.",blog,173
Exp1 entire corpus,"While Benigni -LRB- who stars and co-wrote -RRB- seems to be having a wonderful time , he might be alone in that .",one-hot,8,0.36514837167011077,"i thought a lot about different things and i wrote more than i have in a long, long time.",blog,164
Exp1 entire corpus,"While Benigni -LRB- who stars and co-wrote -RRB- seems to be having a wonderful time , he might be alone in that .",one-hot,9,0.3162277660168379,well worth the time .,moviereview,162
Exp1 entire corpus,"While Benigni -LRB- who stars and co-wrote -RRB- seems to be having a wonderful time , he might be alone in that .",one-hot,10,0.3162277660168379,"Killing time , that 's all that 's going on here .",moviereview,175
Exp1 entire corpus,"While Benigni -LRB- who stars and co-wrote -RRB- seems to be having a wonderful time , he might be alone in that .",tf-idf,1,0.5333402320109608,We had a wonderful time.,blog,181
Exp1 entire corpus,"While Benigni -LRB- who stars and co-wrote -RRB- seems to be having a wonderful time , he might be alone in that .",tf-idf,2,0.4879125292440133,wrote.,blog,165
Exp1 entire corpus,"While Benigni -LRB- who stars and co-wrote -RRB- seems to be having a wonderful time , he might be alone in that .",tf-idf,3,0.4879125292440133,"Just as an example, here's something he wrote.",blog,170
Exp1 entire corpus,"While Benigni -LRB- who stars and co-wrote -RRB- seems to be having a wonderful time , he might be alone in that .",tf-idf,4,0.3907678862329791,it was wonderful to be away from home but it is indeed wonderful to be back.,blog,166
Exp1 entire corpus,"While Benigni -LRB- who stars and co-wrote -RRB- seems to be having a wonderful time , he might be alone in that .",tf-idf,5,0.3168272720030193,"i wrote a little bit of my book, but not much.",blog,174
Exp1 entire corpus,"While Benigni -LRB- who stars and co-wrote -RRB- seems to be having a wonderful time , he might be alone in that .",tf-idf,6,0.292463358993485,"i thought a lot about different things and i wrote more than i have in a long, long time.",blog,164
Exp1 entire corpus,"While Benigni -LRB- who stars and co-wrote -RRB- seems to be having a wonderful time , he might be alone in that .",tf-idf,7,0.2882212169327969,What Time Is It There ?,moviereview,178
Exp1 entire corpus,"While Benigni -LRB- who stars and co-wrote -RRB- seems to be having a wonderful time , he might be alone in that .",tf-idf,8,0.2882212169327969,It 's about time .,moviereview,163
Exp1 entire corpus,"While Benigni -LRB- who stars and co-wrote -RRB- seems to be having a wonderful time , he might be alone in that .",tf-idf,9,0.2882212169327969,Now which one are you most of the time.,blog,167
Exp1 entire corpus,"While Benigni -LRB- who stars and co-wrote -RRB- seems to be having a wonderful time , he might be alone in that .",tf-idf,10,0.2882212169327969,"That, and time.",blog,173
Exp1 entire corpus,"While Benigni -LRB- who stars and co-wrote -RRB- seems to be having a wonderful time , he might be alone in that .",word2vec,1,0.9427572615208297,Just an average comedic dateflick but not a waste of time .,moviereview,169
Exp1 entire corpus,"While Benigni -LRB- who stars and co-wrote -RRB- seems to be having a wonderful time , he might be alone in that .",word2vec,2,0.938652631506474,It 's such a mechanical endeavor -LRB- that -RRB- it never bothers to question why somebody might devote time to see it .,moviereview,160
Exp1 entire corpus,"While Benigni -LRB- who stars and co-wrote -RRB- seems to be having a wonderful time , he might be alone in that .",word2vec,3,0.9376731401411937,"I admire it and yet can not recommend it , because it overstays its natural running time .",moviereview,176
Exp1 entire corpus,"While Benigni -LRB- who stars and co-wrote -RRB- seems to be having a wonderful time , he might be alone in that .",word2vec,4,0.9367451887438328,Maybe it's time to add one more weapon to the arsenal.,blog,180
Exp1 entire corpus,"While Benigni -LRB- who stars and co-wrote -RRB- seems to be having a wonderful time , he might be alone in that .",word2vec,5,0.9363339406354753,"A time to relax, be pampered, catch up.",blog,171
Exp1 entire corpus,"While Benigni -LRB- who stars and co-wrote -RRB- seems to be having a wonderful time , he might be alone in that .",word2vec,6,0.9358565570689555,"Preaches to two completely different choirs at the same time , which is a pretty amazing accomplishment .",moviereview,179
Exp1 entire corpus,"While Benigni -LRB- who stars and co-wrote -RRB- seems to be having a wonderful time , he might be alone in that .",word2vec,7,0.9346083260808309,"Sound the trumpets : For the first time since Desperately Seeking Susan , Madonna does n't suck as an actress .",moviereview,168
Exp1 entire corpus,"While Benigni -LRB- who stars and co-wrote -RRB- seems to be having a wonderful time , he might be alone in that .",word2vec,8,0.9279192198269774,What could and should have been biting and droll is instead a tepid waste of time and talent .,moviereview,172
Exp1 entire corpus,"While Benigni -LRB- who stars and co-wrote -RRB- seems to be having a wonderful time , he might be alone in that .",word2vec,9,0.9264200510353725,Just a collection of this and that -- whatever fills time -- with no unified whole .,moviereview,161
Exp1 entire corpus,"While Benigni -LRB- who stars and co-wrote -RRB- seems to be having a wonderful time , he might be alone in that .",word2vec,10,0.9253906820025999,But this time there 's some mold on the gold .,moviereview,177
Exp1 entire corpus,"I was planning on going to Greece sometime anyway, so we spent three days in Athens, and two and a half in Cyprus.",one-hot,1,0.26726124191242434,Lance and I spent the better part of the next three days lounging around Zurich and drinking in Switzerland.,blog,93
Exp1 entire corpus,"I was planning on going to Greece sometime anyway, so we spent three days in Athens, and two and a half in Cyprus.",one-hot,2,0.26726124191242434,I only know that it could be anytime within the next 60 days.,blog,84
Exp1 entire corpus,"I was planning on going to Greece sometime anyway, so we spent three days in Athens, and two and a half in Cyprus.",one-hot,3,0.26726124191242434,I will get that 5 days and then later on he will still get RnR.,blog,96
Exp1 entire corpus,"I was planning on going to Greece sometime anyway, so we spent three days in Athens, and two and a half in Cyprus.",one-hot,4,0.26726124191242434,"Well, we're half-way through our trip.",blog,88
Exp1 entire corpus,"I was planning on going to Greece sometime anyway, so we spent three days in Athens, and two and a half in Cyprus.",one-hot,5,0.26726124191242434,"So, that's what I did for like a half an hour.",blog,79
Exp1 entire corpus,"I was planning on going to Greece sometime anyway, so we spent three days in Athens, and two and a half in Cyprus.",one-hot,6,0.26726124191242434,But two days back to back was more than enough.,blog,85
Exp1 entire corpus,"I was planning on going to Greece sometime anyway, so we spent three days in Athens, and two and a half in Cyprus.",one-hot,7,0.26726124191242434,At least I haven't bought any in about four days.,blog,94
Exp1 entire corpus,"I was planning on going to Greece sometime anyway, so we spent three days in Athens, and two and a half in Cyprus.",one-hot,8,0.26726124191242434,How else would I keep all these days straight.,blog,92
Exp1 entire corpus,"I was planning on going to Greece sometime anyway, so we spent three days in Athens, and two and a half in Cyprus.",one-hot,9,0.26726124191242434,Just my books these days.,blog,89
Exp1 entire corpus,"I was planning on going to Greece sometime anyway, so we spent three days in Athens, and two and a half in Cyprus.",one-hot,10,0.26726124191242434,Cyprus was amazing.,blog,77
Exp1 entire corpus,"I was planning on going to Greece sometime anyway, so we spent three days in Athens, and two and a half in Cyprus.",tf-idf,1,0.34713214264994896,Cyprus was amazing.,blog,77
Exp1 entire corpus,"I was planning on going to Greece sometime anyway, so we spent three days in Athens, and two and a half in Cyprus.",tf-idf,2,0.2046248494055881,How else would I keep all these days straight.,blog,92
Exp1 entire corpus,"I was planning on going to Greece sometime anyway, so we spent three days in Athens, and two and a half in Cyprus.",tf-idf,3,0.2013398865203524,We're planning on staying two nights in Venice.,blog,91
Exp1 entire corpus,"I was planning on going to Greece sometime anyway, so we spent three days in Athens, and two and a half in Cyprus.",tf-idf,4,0.19714848061746504,Just my books these days.,blog,89
Exp1 entire corpus,"I was planning on going to Greece sometime anyway, so we spent three days in Athens, and two and a half in Cyprus.",tf-idf,5,0.1944511625003384,"The sky is so amazing in Greece, it feels like you could really reach up and touch it, it's so close.",blog,76
Exp1 entire corpus,"I was planning on going to Greece sometime anyway, so we spent three days in Athens, and two and a half in Cyprus.",tf-idf,6,0.1928526100684186,"So, that's what I did for like a half an hour.",blog,79
Exp1 entire corpus,"I was planning on going to Greece sometime anyway, so we spent three days in Athens, and two and a half in Cyprus.",tf-idf,7,0.19245058096804663,Planning seen in Iraqi attacks on U.S. copters,newsheadline,73
Exp1 entire corpus,"I was planning on going to Greece sometime anyway, so we spent three days in Athens, and two and a half in Cyprus.",tf-idf,8,0.19160657610371043,After returning from Greece my last few weeks in Berlin passed very quickly.,blog,90
Exp1 entire corpus,"I was planning on going to Greece sometime anyway, so we spent three days in Athens, and two and a half in Cyprus.",tf-idf,9,0.18546468595927576,At least I haven't bought any in about four days.,blog,94
Exp1 entire corpus,"I was planning on going to Greece sometime anyway, so we spent three days in Athens, and two and a half in Cyprus.",tf-idf,10,0.18469358769485758,Mbeki: 2010 World Cup Planning on Track,newsheadline,86
Exp1 entire corpus,"I was planning on going to Greece sometime anyway, so we spent three days in Athens, and two and a half in Cyprus.",word2vec,1,0.9509535460248995,"Don't sweat it, that's just my perception: I traveled the hour and a half trip down on Saturday with American Hero Chris Mautner he attained that storied status by agreeing to drive, arrived a half-hour after the doors opened, stayed until 5:30, then went right back home.",blog,81
Exp1 entire corpus,"I was planning on going to Greece sometime anyway, so we spent three days in Athens, and two and a half in Cyprus.",word2vec,2,0.9446540308062207,Yesterday Saturday was spent at Vatican City.,blog,82
Exp1 entire corpus,"I was planning on going to Greece sometime anyway, so we spent three days in Athens, and two and a half in Cyprus.",word2vec,3,0.9434281479642755,"Well, my MIL arrived yesterday.",blog,74
Exp1 entire corpus,"I was planning on going to Greece sometime anyway, so we spent three days in Athens, and two and a half in Cyprus.",word2vec,4,0.9426697038700005,He could EASILY cook his own food - his kitchen probably cost more than half my house.,blog,83
Exp1 entire corpus,"I was planning on going to Greece sometime anyway, so we spent three days in Athens, and two and a half in Cyprus.",word2vec,5,0.9425971732920746,"Afterward a solid half-hour afterward, I believe, McCloud could be seen out in the hallway, taking questions from anyone who happened to want to talk to him away from the bustle of his table upstairs.",blog,75
Exp1 entire corpus,"I was planning on going to Greece sometime anyway, so we spent three days in Athens, and two and a half in Cyprus.",word2vec,6,0.936409663473879,It should have stayed there .,moviereview,78
Exp1 entire corpus,"I was planning on going to Greece sometime anyway, so we spent three days in Athens, and two and a half in Cyprus.",word2vec,7,0.9351841389243175,"So, we've now gone over 48 hours without a fridge hate to think what half our food is like in there.",blog,95
Exp1 entire corpus,"I was planning on going to Greece sometime anyway, so we spent three days in Athens, and two and a half in Cyprus.",word2vec,8,0.9341174008289314,To enter the Museums it was about a two hour wait.,blog,87
Exp1 entire corpus,"I was planning on going to Greece sometime anyway, so we spent three days in Athens, and two and a half in Cyprus.",word2vec,9,0.9338453122381055,The bell for last hour had already rung and we were talking to a bunch of Ryan's popular football-friends.,blog,97
Exp1 entire corpus,"I was planning on going to Greece sometime anyway, so we spent three days in Athens, and two and a half in Cyprus.",word2vec,10,0.9319688830755039,Tomorrow: Gotta go to MDG for the last time to pick up my paycheck for that week and a half I was there.,blog,80
Exp1 entire corpus,There are moments in our lives when we find ourselves at a crossroad.,one-hot,1,0.35355339059327373,There are moments of hilarity to be had .,moviereview,124
Exp1 entire corpus,There are moments in our lives when we find ourselves at a crossroad.,one-hot,2,0.35355339059327373,Has its moments -- and almost as many subplots .,moviereview,129
Exp1 entire corpus,There are moments in our lives when we find ourselves at a crossroad.,one-hot,3,0.35355339059327373,Run for your lives !,moviereview,123
Exp1 entire corpus,There are moments in our lives when we find ourselves at a crossroad.,one-hot,4,0.35355339059327373,"The film has -LRB- its -RRB- moments , but they are few and far between .",moviereview,134
Exp1 entire corpus,There are moments in our lives when we find ourselves at a crossroad.,one-hot,5,0.35355339059327373,Many insightful moments .,moviereview,122
Exp1 entire corpus,There are moments in our lives when we find ourselves at a crossroad.,one-hot,6,0.35355339059327373,"i still have moments and all, natrually.",blog,119
Exp1 entire corpus,There are moments in our lives when we find ourselves at a crossroad.,one-hot,7,0.35355339059327373,You can actually find your way around Boston.,blog,130
Exp1 entire corpus,There are moments in our lives when we find ourselves at a crossroad.,one-hot,8,0.35355339059327373,"Is your first thought well, must find a way across.",blog,139
Exp1 entire corpus,There are moments in our lives when we find ourselves at a crossroad.,one-hot,9,0.35355339059327373,Go find someone else to be your bitch.,blog,135
Exp1 entire corpus,There are moments in our lives when we find ourselves at a crossroad.,one-hot,10,0.2886751345948129,Films are made of little moments .,moviereview,133
Exp1 entire corpus,There are moments in our lives when we find ourselves at a crossroad.,tf-idf,1,0.3568313006874216,"The film has -LRB- its -RRB- moments , but they are few and far between .",moviereview,134
Exp1 entire corpus,There are moments in our lives when we find ourselves at a crossroad.,tf-idf,2,0.31737581042749863,Run for your lives !,moviereview,123
Exp1 entire corpus,There are moments in our lives when we find ourselves at a crossroad.,tf-idf,3,0.2665929934098491,"Is your first thought well, must find a way across.",blog,139
Exp1 entire corpus,There are moments in our lives when we find ourselves at a crossroad.,tf-idf,4,0.2661514239859849,It 's a solid movie about people whose lives are anything but .,moviereview,121
Exp1 entire corpus,There are moments in our lives when we find ourselves at a crossroad.,tf-idf,5,0.25368450441001356,Films are made of little moments .,moviereview,133
Exp1 entire corpus,There are moments in our lives when we find ourselves at a crossroad.,tf-idf,6,0.2512353126947885,Many insightful moments .,moviereview,122
Exp1 entire corpus,There are moments in our lives when we find ourselves at a crossroad.,tf-idf,7,0.232597704299923,There are moments of hilarity to be had .,moviereview,124
Exp1 entire corpus,There are moments in our lives when we find ourselves at a crossroad.,tf-idf,8,0.23206119459862035,"I didn't find any, but did find a five-dollar bathing suit.",blog,128
Exp1 entire corpus,There are moments in our lives when we find ourselves at a crossroad.,tf-idf,9,0.23018236441741743,Has its moments -- and almost as many subplots .,moviereview,129
Exp1 entire corpus,There are moments in our lives when we find ourselves at a crossroad.,tf-idf,10,0.22260649334685562,The author 's devotees will probably find it fascinating ; others may find it baffling .,moviereview,126
Exp1 entire corpus,There are moments in our lives when we find ourselves at a crossroad.,word2vec,1,0.9133086032490905,New Yorkers always seem to find the oddest places to dwell ...,moviereview,136
Exp1 entire corpus,There are moments in our lives when we find ourselves at a crossroad.,word2vec,2,0.8962581262572614,Those unfamiliar with Mormon traditions may find The Singles Ward occasionally bewildering .,moviereview,125
Exp1 entire corpus,There are moments in our lives when we find ourselves at a crossroad.,word2vec,3,0.8958738257502372,"I dunno, press the button and find out.",blog,118
Exp1 entire corpus,There are moments in our lives when we find ourselves at a crossroad.,word2vec,4,0.8952008234893959,Not to mention I find her to be incredibly intimidatingsp.,blog,138
Exp1 entire corpus,There are moments in our lives when we find ourselves at a crossroad.,word2vec,5,0.8922531386627677,Breakup rings find new homes,newsheadline,131
Exp1 entire corpus,There are moments in our lives when we find ourselves at a crossroad.,word2vec,6,0.8838433701605629,"Markets do not measure everything accurately, and I find this assumption to be disgusting.",blog,132
Exp1 entire corpus,There are moments in our lives when we find ourselves at a crossroad.,word2vec,7,0.8837179334053079,"I could probably find a way to swing it, but it would be a little cramped.",blog,120
Exp1 entire corpus,There are moments in our lives when we find ourselves at a crossroad.,word2vec,8,0.8817335595991426,"Oh well, I will find space or have Tim build me some shelves.",blog,127
Exp1 entire corpus,There are moments in our lives when we find ourselves at a crossroad.,word2vec,9,0.8773176640253102,"I didn't find any, but did find a five-dollar bathing suit.",blog,128
Exp1 entire corpus,There are moments in our lives when we find ourselves at a crossroad.,word2vec,10,0.8761186037863665,"Captivates as it shows excess in business and pleasure , allowing us to find the small , human moments , and leaving off with a grand whimper .",moviereview,137
Exp1 entire corpus,I invited them in and ended up with lots of pamphlets the book of Mormon.,one-hot,1,0.4082482904638631,I took lots of photo's.,blog,58
Exp1 entire corpus,I invited them in and ended up with lots of pamphlets the book of Mormon.,one-hot,2,0.2886751345948129,Lots of shooters.,blog,59
Exp1 entire corpus,I invited them in and ended up with lots of pamphlets the book of Mormon.,one-hot,3,0.2886751345948129,My mother was invited too.,blog,51
Exp1 entire corpus,I invited them in and ended up with lots of pamphlets the book of Mormon.,one-hot,4,0.2357022603955159,Time to book your cruise,newsheadline,66
Exp1 entire corpus,I invited them in and ended up with lots of pamphlets the book of Mormon.,one-hot,5,0.2357022603955159,I an not afraid of having lots of children.,blog,60
Exp1 entire corpus,I invited them in and ended up with lots of pamphlets the book of Mormon.,one-hot,6,0.2357022603955159,I'm going to finish my book before I go to bed.,blog,56
Exp1 entire corpus,I invited them in and ended up with lots of pamphlets the book of Mormon.,one-hot,7,0.2357022603955159,"i wrote a little bit of my book, but not much.",blog,48
Exp1 entire corpus,I invited them in and ended up with lots of pamphlets the book of Mormon.,one-hot,8,0.2357022603955159,Lots of people had sex.,blog,55
Exp1 entire corpus,I invited them in and ended up with lots of pamphlets the book of Mormon.,one-hot,9,0.20412414523193154,"The film was n't preachy , but it was feminism by the book .",moviereview,52
Exp1 entire corpus,I invited them in and ended up with lots of pamphlets the book of Mormon.,one-hot,10,0.20412414523193154,"Despite the pyrotechnics , Narc is strictly by the book .",moviereview,64
Exp1 entire corpus,I invited them in and ended up with lots of pamphlets the book of Mormon.,tf-idf,1,0.34224578948328765,I took lots of photo's.,blog,58
Exp1 entire corpus,I invited them in and ended up with lots of pamphlets the book of Mormon.,tf-idf,2,0.3310357020858597,My mother was invited too.,blog,51
Exp1 entire corpus,I invited them in and ended up with lots of pamphlets the book of Mormon.,tf-idf,3,0.22293298722334215,I can probably pick them up for less than a buck and sell them for lots lots more as long as they work.,blog,54
Exp1 entire corpus,I invited them in and ended up with lots of pamphlets the book of Mormon.,tf-idf,4,0.22112630436244304,Lots of people had sex.,blog,55
Exp1 entire corpus,I invited them in and ended up with lots of pamphlets the book of Mormon.,tf-idf,5,0.22046711935983002,"Oh well, at least we can make it work without lots of time.",blog,65
Exp1 entire corpus,I invited them in and ended up with lots of pamphlets the book of Mormon.,tf-idf,6,0.19933833200988132,I an not afraid of having lots of children.,blog,60
Exp1 entire corpus,I invited them in and ended up with lots of pamphlets the book of Mormon.,tf-idf,7,0.1986781049883238,"Unless you come in to the film with a skateboard under your arm , you 're going to feel like you were n't invited to the party .",moviereview,70
Exp1 entire corpus,I invited them in and ended up with lots of pamphlets the book of Mormon.,tf-idf,8,0.19666205410565235,"It does n't take a rocket scientist to figure out that this is a Mormon family movie , and a sappy , preachy one at that .",moviereview,72
Exp1 entire corpus,I invited them in and ended up with lots of pamphlets the book of Mormon.,tf-idf,9,0.19595577875938588,"Earlier this week, Karina had invited me over to her townhouse.",blog,69
Exp1 entire corpus,I invited them in and ended up with lots of pamphlets the book of Mormon.,tf-idf,10,0.19475995281375227,Lots of shooters.,blog,59
Exp1 entire corpus,I invited them in and ended up with lots of pamphlets the book of Mormon.,word2vec,1,0.9485365377488769,Like being invited to a classy dinner soiree and not knowing anyone .,moviereview,68
Exp1 entire corpus,I invited them in and ended up with lots of pamphlets the book of Mormon.,word2vec,2,0.9452788264408067,"And It got ruled that it was my vehicles fault not mine, and the I got minimum sentence possible for my ticket.",blog,71
Exp1 entire corpus,I invited them in and ended up with lots of pamphlets the book of Mormon.,word2vec,3,0.9436639575511675,The closest to the origanal is Panic!s cover on This is Halloween.,blog,67
Exp1 entire corpus,I invited them in and ended up with lots of pamphlets the book of Mormon.,word2vec,4,0.9434216666488865,"Open-ended and composed of layer upon layer , Talk to Her is a cinephile 's feast , an invitation to countless interpretations .",moviereview,50
Exp1 entire corpus,I invited them in and ended up with lots of pamphlets the book of Mormon.,word2vec,5,0.9415541455117421,You've bragged about the money you've saved at The Christmas Tree Shop You know what a regular coffee is. You actually get these jokes and pass them on to other friends from Massachusetts.,blog,57
Exp1 entire corpus,I invited them in and ended up with lots of pamphlets the book of Mormon.,word2vec,6,0.9395182833897138,Oprah announces new book club pick,newsheadline,53
Exp1 entire corpus,I invited them in and ended up with lots of pamphlets the book of Mormon.,word2vec,7,0.9377963587786072,Interact ended up being a whole ton better than I had expected.,blog,62
Exp1 entire corpus,I invited them in and ended up with lots of pamphlets the book of Mormon.,word2vec,8,0.9377313391319165,It needs a serious pick up and vacuum.,blog,61
Exp1 entire corpus,I invited them in and ended up with lots of pamphlets the book of Mormon.,word2vec,9,0.936230981511053,I'm staying with Kristen Ward.,blog,63
Exp1 entire corpus,I invited them in and ended up with lots of pamphlets the book of Mormon.,word2vec,10,0.9345855829199691,The only art I have ever been exposed to is the stuff that pretentious college drop-outs create and try to sell by hanging it on the walls for coffee shops.,blog,49
Exp2 100/genre,"Napping is good for your heart, study finds",one-hot,1,0.3162277660168379,"Women Face Greatest Threat of Violence at Home, Study Finds",newsheadline,293
Exp2 100/genre,"Napping is good for your heart, study finds",one-hot,2,0.22360679774997896,Cholesterol link in diabetes study,newsheadline,296
Exp2 100/genre,"Napping is good for your heart, study finds",one-hot,3,0.19999999999999998,Stanford study warns of Internet addiction,newsheadline,289
Exp2 100/genre,"Napping is good for your heart, study finds",one-hot,4,0.18257418583505539,Experts issue new heart disease guidelines for women,newsheadline,285
Exp2 100/genre,"Napping is good for your heart, study finds",one-hot,5,0.1690308509457033,Study: men's sweat triggers high sexual arousal in women,newsheadline,291
Exp2 100/genre,"Napping is good for your heart, study finds",one-hot,6,0.0,Ice storm coating Midwest,newsheadline,297
Exp2 100/genre,"Napping is good for your heart, study finds",one-hot,7,0.0,Male sweat boosts women's hormone levels,newsheadline,292
Exp2 100/genre,"Napping is good for your heart, study finds",one-hot,8,0.0,Making peace from victory over poverty,newsheadline,295
Exp2 100/genre,"Napping is good for your heart, study finds",one-hot,9,0.0,Thailand: missing 25 years after taking wrong bus,newsheadline,290
Exp2 100/genre,"Napping is good for your heart, study finds",one-hot,10,0.0,"Congolese soldiers riot, loot over pay issue",newsheadline,283
Exp2 100/genre,North Korea gets money and respect,one-hot,1,0.4082482904638631,North Korea aid demand stall talks,newsheadline,303
Exp2 100/genre,North Korea gets money and respect,one-hot,2,0.0,Ice storm coating Midwest,newsheadline,305
Exp2 100/genre,North Korea gets money and respect,one-hot,3,0.0,Male sweat boosts women's hormone levels,newsheadline,313
Exp2 100/genre,North Korea gets money and respect,one-hot,4,0.0,Experts issue new heart disease guidelines for women,newsheadline,309
Exp2 100/genre,North Korea gets money and respect,one-hot,5,0.0,Making peace from victory over poverty,newsheadline,317
Exp2 100/genre,North Korea gets money and respect,one-hot,6,0.0,Thailand: missing 25 years after taking wrong bus,newsheadline,310
Exp2 100/genre,North Korea gets money and respect,one-hot,7,0.0,"Congolese soldiers riot, loot over pay issue",newsheadline,311
Exp2 100/genre,North Korea gets money and respect,one-hot,8,0.0,Peter Jackson will never work for me again,newsheadline,314
Exp2 100/genre,North Korea gets money and respect,one-hot,9,0.0,Howard presses Bush on terror suspect,newsheadline,308
Exp2 100/genre,North Korea gets money and respect,one-hot,10,0.0,High cholesterol raises stroke risk healthy women,newsheadline,304
Exp2 100/genre,Cutting through the clutter to get things done,one-hot,1,0.0,Ice storm coating Midwest,newsheadline,212
Exp2 100/genre,Cutting through the clutter to get things done,one-hot,2,0.0,Male sweat boosts women's hormone levels,newsheadline,226
Exp2 100/genre,Cutting through the clutter to get things done,one-hot,3,0.0,Experts issue new heart disease guidelines for women,newsheadline,213
Exp2 100/genre,Cutting through the clutter to get things done,one-hot,4,0.0,Making peace from victory over poverty,newsheadline,217
Exp2 100/genre,Cutting through the clutter to get things done,one-hot,5,0.0,Thailand: missing 25 years after taking wrong bus,newsheadline,220
Exp2 100/genre,Cutting through the clutter to get things done,one-hot,6,0.0,"Congolese soldiers riot, loot over pay issue",newsheadline,215
Exp2 100/genre,Cutting through the clutter to get things done,one-hot,7,0.0,Peter Jackson will never work for me again,newsheadline,227
Exp2 100/genre,Cutting through the clutter to get things done,one-hot,8,0.0,Howard presses Bush on terror suspect,newsheadline,216
Exp2 100/genre,Cutting through the clutter to get things done,one-hot,9,0.0,High cholesterol raises stroke risk healthy women,newsheadline,225
Exp2 100/genre,Cutting through the clutter to get things done,one-hot,10,0.0,Attorneys point fingers in fight between Ryan O'Neal and son,newsheadline,224
Exp2 100/genre,"Napping is good for your heart, study finds",tf-idf,1,0.27147420968239416,"Women Face Greatest Threat of Violence at Home, Study Finds",newsheadline,293
Exp2 100/genre,"Napping is good for your heart, study finds",tf-idf,2,0.17587188487188607,Experts issue new heart disease guidelines for women,newsheadline,285
Exp2 100/genre,"Napping is good for your heart, study finds",tf-idf,3,0.15699630359532904,Cholesterol link in diabetes study,newsheadline,296
Exp2 100/genre,"Napping is good for your heart, study finds",tf-idf,4,0.1358225496800103,Stanford study warns of Internet addiction,newsheadline,289
Exp2 100/genre,"Napping is good for your heart, study finds",tf-idf,5,0.12052697334254814,Study: men's sweat triggers high sexual arousal in women,newsheadline,291
Exp2 100/genre,"Napping is good for your heart, study finds",tf-idf,6,0.0,Ice storm coating Midwest,newsheadline,297
Exp2 100/genre,"Napping is good for your heart, study finds",tf-idf,7,0.0,Male sweat boosts women's hormone levels,newsheadline,292
Exp2 100/genre,"Napping is good for your heart, study finds",tf-idf,8,0.0,Making peace from victory over poverty,newsheadline,295
Exp2 100/genre,"Napping is good for your heart, study finds",tf-idf,9,0.0,Thailand: missing 25 years after taking wrong bus,newsheadline,290
Exp2 100/genre,"Napping is good for your heart, study finds",tf-idf,10,0.0,"Congolese soldiers riot, loot over pay issue",newsheadline,283
Exp2 100/genre,North Korea gets money and respect,tf-idf,1,0.36801421615062235,North Korea aid demand stall talks,newsheadline,303
Exp2 100/genre,North Korea gets money and respect,tf-idf,2,0.0,Ice storm coating Midwest,newsheadline,305
Exp2 100/genre,North Korea gets money and respect,tf-idf,3,0.0,Male sweat boosts women's hormone levels,newsheadline,313
Exp2 100/genre,North Korea gets money and respect,tf-idf,4,0.0,Experts issue new heart disease guidelines for women,newsheadline,309
Exp2 100/genre,North Korea gets money and respect,tf-idf,5,0.0,Making peace from victory over poverty,newsheadline,317
Exp2 100/genre,North Korea gets money and respect,tf-idf,6,0.0,Thailand: missing 25 years after taking wrong bus,newsheadline,310
Exp2 100/genre,North Korea gets money and respect,tf-idf,7,0.0,"Congolese soldiers riot, loot over pay issue",newsheadline,311
Exp2 100/genre,North Korea gets money and respect,tf-idf,8,0.0,Peter Jackson will never work for me again,newsheadline,314
Exp2 100/genre,North Korea gets money and respect,tf-idf,9,0.0,Howard presses Bush on terror suspect,newsheadline,308
Exp2 100/genre,North Korea gets money and respect,tf-idf,10,0.0,High cholesterol raises stroke risk healthy women,newsheadline,304
Exp2 100/genre,Cutting through the clutter to get things done,tf-idf,1,0.0,Ice storm coating Midwest,newsheadline,212
Exp2 100/genre,Cutting through the clutter to get things done,tf-idf,2,0.0,Male sweat boosts women's hormone levels,newsheadline,226
Exp2 100/genre,Cutting through the clutter to get things done,tf-idf,3,0.0,Experts issue new heart disease guidelines for women,newsheadline,213
Exp2 100/genre,Cutting through the clutter to get things done,tf-idf,4,0.0,Making peace from victory over poverty,newsheadline,217
Exp2 100/genre,Cutting through the clutter to get things done,tf-idf,5,0.0,Thailand: missing 25 years after taking wrong bus,newsheadline,220
Exp2 100/genre,Cutting through the clutter to get things done,tf-idf,6,0.0,"Congolese soldiers riot, loot over pay issue",newsheadline,215
Exp2 100/genre,Cutting through the clutter to get things done,tf-idf,7,0.0,Peter Jackson will never work for me again,newsheadline,227
Exp2 100/genre,Cutting through the clutter to get things done,tf-idf,8,0.0,Howard presses Bush on terror suspect,newsheadline,216
Exp2 100/genre,Cutting through the clutter to get things done,tf-idf,9,0.0,High cholesterol raises stroke risk healthy women,newsheadline,225
Exp2 100/genre,Cutting through the clutter to get things done,tf-idf,10,0.0,Attorneys point fingers in fight between Ryan O'Neal and son,newsheadline,224
Exp2 100/genre,"Napping is good for your heart, study finds",word2vec,1,0.9647807548928166,"Women Face Greatest Threat of Violence at Home, Study Finds",newsheadline,293
Exp2 100/genre,"Napping is good for your heart, study finds",word2vec,2,0.9424655408869441,Study: men's sweat triggers high sexual arousal in women,newsheadline,291
Exp2 100/genre,"Napping is good for your heart, study finds",word2vec,3,0.9396004741432628,Experts issue new heart disease guidelines for women,newsheadline,285
Exp2 100/genre,"Napping is good for your heart, study finds",word2vec,4,0.9368290252597197,Cholesterol link in diabetes study,newsheadline,296
Exp2 100/genre,"Napping is good for your heart, study finds",word2vec,5,0.9325458777637141,"Bush Insists Troops Stay in Iraq, Predicts Midterm Victory",newsheadline,294
Exp2 100/genre,"Napping is good for your heart, study finds",word2vec,6,0.9324456706977515,"Super Bowl ads of cartoonish violence, perhaps reflecting toll of war",newsheadline,284
Exp2 100/genre,"Napping is good for your heart, study finds",word2vec,7,0.9280489729145466,Uganda parliament votes to send troops to Somalia,newsheadline,288
Exp2 100/genre,"Napping is good for your heart, study finds",word2vec,8,0.9259515998349944,Sudan tells United Nations envoy to leave in 72 hours,newsheadline,286
Exp2 100/genre,"Napping is good for your heart, study finds",word2vec,9,0.9227887838211755,US soldiers die in day of violence,newsheadline,287
Exp2 100/genre,"Napping is good for your heart, study finds",word2vec,10,0.9218990270276186,Police and shoppers targeted in growing Iraq violence,newsheadline,298
Exp2 100/genre,North Korea gets money and respect,word2vec,1,0.9533960268180505,North Korea aid demand stall talks,newsheadline,303
Exp2 100/genre,North Korea gets money and respect,word2vec,2,0.9324110130106471,"Super Bowl ads of cartoonish violence, perhaps reflecting toll of war",newsheadline,312
Exp2 100/genre,North Korea gets money and respect,word2vec,3,0.9293821131020445,Police and shoppers targeted in growing Iraq violence,newsheadline,299
Exp2 100/genre,North Korea gets money and respect,word2vec,4,0.9272240935454561,"Women Face Greatest Threat of Violence at Home, Study Finds",newsheadline,300
Exp2 100/genre,North Korea gets money and respect,word2vec,5,0.9246710298962795,Study: men's sweat triggers high sexual arousal in women,newsheadline,306
Exp2 100/genre,North Korea gets money and respect,word2vec,6,0.9212920364569346,Iraq closes borders with Syria and Iran,newsheadline,307
Exp2 100/genre,North Korea gets money and respect,word2vec,7,0.9164787595172588,"Allied with democrats, Lieberman easily aligns with Republicans",newsheadline,315
Exp2 100/genre,North Korea gets money and respect,word2vec,8,0.9155147310772545,Republicans plan to block Iraq debate,newsheadline,302
Exp2 100/genre,North Korea gets money and respect,word2vec,9,0.9129322056134868,Bad weather slows S.Korean search for Russian ship,newsheadline,316
Exp2 100/genre,North Korea gets money and respect,word2vec,10,0.9125097758182239,"Bush Insists Troops Stay in Iraq, Predicts Midterm Victory",newsheadline,301
Exp2 100/genre,Cutting through the clutter to get things done,word2vec,1,0.8605953695852874,US soldiers die in day of violence,newsheadline,219
Exp2 100/genre,Cutting through the clutter to get things done,word2vec,2,0.8577340568757787,"Women Face Greatest Threat of Violence at Home, Study Finds",newsheadline,223
Exp2 100/genre,Cutting through the clutter to get things done,word2vec,3,0.8496923870647688,Uganda parliament votes to send troops to Somalia,newsheadline,214
Exp2 100/genre,Cutting through the clutter to get things done,word2vec,4,0.8480671195090483,Evacuees can return home after plant blast,newsheadline,221
Exp2 100/genre,Cutting through the clutter to get things done,word2vec,5,0.8476323378835567,"Iran says Sunnis, using Pakistan as base, planned fatal bombing",newsheadline,222
Exp2 100/genre,Cutting through the clutter to get things done,word2vec,6,0.8457856558402621,"Congolese soldiers riot, loot over pay issue",newsheadline,215
Exp2 100/genre,Cutting through the clutter to get things done,word2vec,7,0.8435445158205328,"Super Bowl ads of cartoonish violence, perhaps reflecting toll of war",newsheadline,218
Exp2 100/genre,Cutting through the clutter to get things done,word2vec,8,0.84307517867013,Kanishka bombing case: Inquiry judge threatens to quit,newsheadline,228
Exp2 100/genre,Cutting through the clutter to get things done,word2vec,9,0.8421065236590937,Police and shoppers targeted in growing Iraq violence,newsheadline,229
Exp2 100/genre,Cutting through the clutter to get things done,word2vec,10,0.8332917052941253,Experts issue new heart disease guidelines for women,newsheadline,213
Exp2 100/genre,One of those films that seems tailor made to air on pay cable to offer some modest amusements when one has nothing else to watch .,one-hot,1,0.08770580193070293,A late-night cable sexploitation romp masquerading as a thriller about the ruthless social order that governs college cliques .,moviereview,319
Exp2 100/genre,One of those films that seems tailor made to air on pay cable to offer some modest amusements when one has nothing else to watch .,one-hot,2,0.074535599249993,"Like many Western action films , this thriller is too loud and thoroughly overbearing , but its heartfelt concern about North Korea 's recent past and South Korea 's future adds a much needed moral weight .",moviereview,328
Exp2 100/genre,One of those films that seems tailor made to air on pay cable to offer some modest amusements when one has nothing else to watch .,one-hot,3,0.0,I watched the brainless insanity of No Such Thing with mounting disbelief .,moviereview,323
Exp2 100/genre,One of those films that seems tailor made to air on pay cable to offer some modest amusements when one has nothing else to watch .,one-hot,4,0.0,Fessenden 's narrative is just as much about the ownership and redefinition of myth as it is about a domestic unit finding their way to joy .,moviereview,330
Exp2 100/genre,One of those films that seems tailor made to air on pay cable to offer some modest amusements when one has nothing else to watch .,one-hot,5,0.0,"... generically , forgettably pleasant from start to finish .",moviereview,336
Exp2 100/genre,One of those films that seems tailor made to air on pay cable to offer some modest amusements when one has nothing else to watch .,one-hot,6,0.0,"If I have to choose between gorgeous animation and a lame story -LRB- like , say , Treasure Planet -RRB- or so-so animation and an exciting , clever story with a batch of appealing characters , I 'll take the latter every time .",moviereview,332
Exp2 100/genre,One of those films that seems tailor made to air on pay cable to offer some modest amusements when one has nothing else to watch .,one-hot,7,0.0,"... routine , harmless diversion and little else .",moviereview,335
Exp2 100/genre,One of those films that seems tailor made to air on pay cable to offer some modest amusements when one has nothing else to watch .,one-hot,8,0.0,Fairly run-of-the-mill .,moviereview,333
Exp2 100/genre,One of those films that seems tailor made to air on pay cable to offer some modest amusements when one has nothing else to watch .,one-hot,9,0.0,"This is an ungainly movie , ill-fitting , with its elbows sticking out where the knees should be .",moviereview,322
Exp2 100/genre,One of those films that seems tailor made to air on pay cable to offer some modest amusements when one has nothing else to watch .,one-hot,10,0.0,Ms. Hutchins is talented enough and charismatic enough to make us care about Zelda 's ultimate fate .,moviereview,324
Exp2 100/genre,"Even these tales of just seven children seem at times too many , although in reality they are not enough .",one-hot,1,0.17677669529663687,The overall effect is less like a children 's movie than a recruitment film for future Hollywood sellouts .,moviereview,244
Exp2 100/genre,"Even these tales of just seven children seem at times too many , although in reality they are not enough .",one-hot,2,0.15075567228888181,"To the film 's credit , the acting is fresh and unselfconscious , and Munch is a marvel of reality versus sappy sentiment .",moviereview,245
Exp2 100/genre,"Even these tales of just seven children seem at times too many , although in reality they are not enough .",one-hot,3,0.0,I watched the brainless insanity of No Such Thing with mounting disbelief .,moviereview,233
Exp2 100/genre,"Even these tales of just seven children seem at times too many , although in reality they are not enough .",one-hot,4,0.0,Fessenden 's narrative is just as much about the ownership and redefinition of myth as it is about a domestic unit finding their way to joy .,moviereview,240
Exp2 100/genre,"Even these tales of just seven children seem at times too many , although in reality they are not enough .",one-hot,5,0.0,"... generically , forgettably pleasant from start to finish .",moviereview,235
Exp2 100/genre,"Even these tales of just seven children seem at times too many , although in reality they are not enough .",one-hot,6,0.0,"If I have to choose between gorgeous animation and a lame story -LRB- like , say , Treasure Planet -RRB- or so-so animation and an exciting , clever story with a batch of appealing characters , I 'll take the latter every time .",moviereview,236
Exp2 100/genre,"Even these tales of just seven children seem at times too many , although in reality they are not enough .",one-hot,7,0.0,"... routine , harmless diversion and little else .",moviereview,243
Exp2 100/genre,"Even these tales of just seven children seem at times too many , although in reality they are not enough .",one-hot,8,0.0,Fairly run-of-the-mill .,moviereview,247
Exp2 100/genre,"Even these tales of just seven children seem at times too many , although in reality they are not enough .",one-hot,9,0.0,"This is an ungainly movie , ill-fitting , with its elbows sticking out where the knees should be .",moviereview,241
Exp2 100/genre,"Even these tales of just seven children seem at times too many , although in reality they are not enough .",one-hot,10,0.0,Ms. Hutchins is talented enough and charismatic enough to make us care about Zelda 's ultimate fate .,moviereview,230
Exp2 100/genre,"An impressive debut for first-time writer-director Mark Romanek , especially considering his background is in music video .",one-hot,1,0.12909944487358058,"Human Resources was a good , straightforward tale , but Time Out is better .",moviereview,210
Exp2 100/genre,"An impressive debut for first-time writer-director Mark Romanek , especially considering his background is in music video .",one-hot,2,0.11180339887498948,The work of a filmmaker who has secrets buried at the heart of his story and knows how to take time revealing them .,moviereview,204
Exp2 100/genre,"An impressive debut for first-time writer-director Mark Romanek , especially considering his background is in music video .",one-hot,3,0.1,Director Roger Kumble offers just enough sweet and traditional romantic comedy to counter the crudity .,moviereview,203
Exp2 100/genre,"An impressive debut for first-time writer-director Mark Romanek , especially considering his background is in music video .",one-hot,4,0.08770580193070293,"The director and her capable cast appear to be caught in a heady whirl of New Age-inspired good intentions , but the spell they cast is n't the least bit mesmerizing .",moviereview,211
Exp2 100/genre,"An impressive debut for first-time writer-director Mark Romanek , especially considering his background is in music video .",one-hot,5,0.08451542547285167,"If I have to choose between gorgeous animation and a lame story -LRB- like , say , Treasure Planet -RRB- or so-so animation and an exciting , clever story with a batch of appealing characters , I 'll take the latter every time .",moviereview,202
Exp2 100/genre,"An impressive debut for first-time writer-director Mark Romanek , especially considering his background is in music video .",one-hot,6,0.0816496580927726,Jacquot 's strategy allows his cast the benefit of being able to give full performances ... while demonstrating vividly that the beauty and power of the opera reside primarily in the music itself .,moviereview,208
Exp2 100/genre,"An impressive debut for first-time writer-director Mark Romanek , especially considering his background is in music video .",one-hot,7,0.07905694150420949,"Though of particular interest to students and enthusiast of international dance and world music , the film is designed to make viewers of all ages , cultural backgrounds and rhythmic ability want to get up and dance .",moviereview,209
Exp2 100/genre,"An impressive debut for first-time writer-director Mark Romanek , especially considering his background is in music video .",one-hot,8,0.07669649888473705,"More timely than its director could ever have dreamed , this quietly lyrical tale probes the ambiguous welcome extended by Iran to the Afghani refugees who streamed across its borders , desperate for work and food .",moviereview,205
Exp2 100/genre,"An impressive debut for first-time writer-director Mark Romanek , especially considering his background is in music video .",one-hot,9,0.074535599249993,"Full of bland hotels , highways , parking lots , with some glimpses of nature and family warmth , Time Out is a discreet moan of despair about entrapment in the maze of modern life .",moviereview,201
Exp2 100/genre,"An impressive debut for first-time writer-director Mark Romanek , especially considering his background is in music video .",one-hot,10,0.07071067811865475,"Although Barbershop boasts some of today 's hottest and hippest acts from the world of television , music and stand-up comedy , this movie strangely enough has the outdated swagger of a shameless ` 70s blaxploitation shuck-and-jive sitcom .",moviereview,207
Exp2 100/genre,One of those films that seems tailor made to air on pay cable to offer some modest amusements when one has nothing else to watch .,tf-idf,1,0.07628769730152726,A late-night cable sexploitation romp masquerading as a thriller about the ruthless social order that governs college cliques .,moviereview,319
Exp2 100/genre,One of those films that seems tailor made to air on pay cable to offer some modest amusements when one has nothing else to watch .,tf-idf,2,0.06082353206443221,"Like many Western action films , this thriller is too loud and thoroughly overbearing , but its heartfelt concern about North Korea 's recent past and South Korea 's future adds a much needed moral weight .",moviereview,328
Exp2 100/genre,One of those films that seems tailor made to air on pay cable to offer some modest amusements when one has nothing else to watch .,tf-idf,3,0.0,I watched the brainless insanity of No Such Thing with mounting disbelief .,moviereview,323
Exp2 100/genre,One of those films that seems tailor made to air on pay cable to offer some modest amusements when one has nothing else to watch .,tf-idf,4,0.0,Fessenden 's narrative is just as much about the ownership and redefinition of myth as it is about a domestic unit finding their way to joy .,moviereview,330
Exp2 100/genre,One of those films that seems tailor made to air on pay cable to offer some modest amusements when one has nothing else to watch .,tf-idf,5,0.0,"... generically , forgettably pleasant from start to finish .",moviereview,336
Exp2 100/genre,One of those films that seems tailor made to air on pay cable to offer some modest amusements when one has nothing else to watch .,tf-idf,6,0.0,"If I have to choose between gorgeous animation and a lame story -LRB- like , say , Treasure Planet -RRB- or so-so animation and an exciting , clever story with a batch of appealing characters , I 'll take the latter every time .",moviereview,332
Exp2 100/genre,One of those films that seems tailor made to air on pay cable to offer some modest amusements when one has nothing else to watch .,tf-idf,7,0.0,"... routine , harmless diversion and little else .",moviereview,335
Exp2 100/genre,One of those films that seems tailor made to air on pay cable to offer some modest amusements when one has nothing else to watch .,tf-idf,8,0.0,Fairly run-of-the-mill .,moviereview,333
Exp2 100/genre,One of those films that seems tailor made to air on pay cable to offer some modest amusements when one has nothing else to watch .,tf-idf,9,0.0,"This is an ungainly movie , ill-fitting , with its elbows sticking out where the knees should be .",moviereview,322
Exp2 100/genre,One of those films that seems tailor made to air on pay cable to offer some modest amusements when one has nothing else to watch .,tf-idf,10,0.0,Ms. Hutchins is talented enough and charismatic enough to make us care about Zelda 's ultimate fate .,moviereview,324
Exp2 100/genre,"Even these tales of just seven children seem at times too many , although in reality they are not enough .",tf-idf,1,0.17243533288561835,The overall effect is less like a children 's movie than a recruitment film for future Hollywood sellouts .,moviereview,244
Exp2 100/genre,"Even these tales of just seven children seem at times too many , although in reality they are not enough .",tf-idf,2,0.14009154452087935,"To the film 's credit , the acting is fresh and unselfconscious , and Munch is a marvel of reality versus sappy sentiment .",moviereview,245
Exp2 100/genre,"Even these tales of just seven children seem at times too many , although in reality they are not enough .",tf-idf,3,0.0,I watched the brainless insanity of No Such Thing with mounting disbelief .,moviereview,233
Exp2 100/genre,"Even these tales of just seven children seem at times too many , although in reality they are not enough .",tf-idf,4,0.0,Fessenden 's narrative is just as much about the ownership and redefinition of myth as it is about a domestic unit finding their way to joy .,moviereview,240
Exp2 100/genre,"Even these tales of just seven children seem at times too many , although in reality they are not enough .",tf-idf,5,0.0,"... generically , forgettably pleasant from start to finish .",moviereview,235
Exp2 100/genre,"Even these tales of just seven children seem at times too many , although in reality they are not enough .",tf-idf,6,0.0,"If I have to choose between gorgeous animation and a lame story -LRB- like , say , Treasure Planet -RRB- or so-so animation and an exciting , clever story with a batch of appealing characters , I 'll take the latter every time .",moviereview,236
Exp2 100/genre,"Even these tales of just seven children seem at times too many , although in reality they are not enough .",tf-idf,7,0.0,"... routine , harmless diversion and little else .",moviereview,243
Exp2 100/genre,"Even these tales of just seven children seem at times too many , although in reality they are not enough .",tf-idf,8,0.0,Fairly run-of-the-mill .,moviereview,247
Exp2 100/genre,"Even these tales of just seven children seem at times too many , although in reality they are not enough .",tf-idf,9,0.0,"This is an ungainly movie , ill-fitting , with its elbows sticking out where the knees should be .",moviereview,241
Exp2 100/genre,"Even these tales of just seven children seem at times too many , although in reality they are not enough .",tf-idf,10,0.0,Ms. Hutchins is talented enough and charismatic enough to make us care about Zelda 's ultimate fate .,moviereview,230
Exp2 100/genre,"An impressive debut for first-time writer-director Mark Romanek , especially considering his background is in music video .",tf-idf,1,0.09176288493090388,"Human Resources was a good , straightforward tale , but Time Out is better .",moviereview,210
Exp2 100/genre,"An impressive debut for first-time writer-director Mark Romanek , especially considering his background is in music video .",tf-idf,2,0.07618863559728409,The work of a filmmaker who has secrets buried at the heart of his story and knows how to take time revealing them .,moviereview,204
Exp2 100/genre,"An impressive debut for first-time writer-director Mark Romanek , especially considering his background is in music video .",tf-idf,3,0.07291219253265277,Director Roger Kumble offers just enough sweet and traditional romantic comedy to counter the crudity .,moviereview,203
Exp2 100/genre,"An impressive debut for first-time writer-director Mark Romanek , especially considering his background is in music video .",tf-idf,4,0.0605332367604852,Jacquot 's strategy allows his cast the benefit of being able to give full performances ... while demonstrating vividly that the beauty and power of the opera reside primarily in the music itself .,moviereview,208
Exp2 100/genre,"An impressive debut for first-time writer-director Mark Romanek , especially considering his background is in music video .",tf-idf,5,0.059866838497481735,"The director and her capable cast appear to be caught in a heady whirl of New Age-inspired good intentions , but the spell they cast is n't the least bit mesmerizing .",moviereview,211
Exp2 100/genre,"An impressive debut for first-time writer-director Mark Romanek , especially considering his background is in music video .",tf-idf,6,0.05554363392114566,"More timely than its director could ever have dreamed , this quietly lyrical tale probes the ambiguous welcome extended by Iran to the Afghani refugees who streamed across its borders , desperate for work and food .",moviereview,205
Exp2 100/genre,"An impressive debut for first-time writer-director Mark Romanek , especially considering his background is in music video .",tf-idf,7,0.053723054345025174,"Though of particular interest to students and enthusiast of international dance and world music , the film is designed to make viewers of all ages , cultural backgrounds and rhythmic ability want to get up and dance .",moviereview,209
Exp2 100/genre,"An impressive debut for first-time writer-director Mark Romanek , especially considering his background is in music video .",tf-idf,8,0.051920133368212724,"Although Barbershop boasts some of today 's hottest and hippest acts from the world of television , music and stand-up comedy , this movie strangely enough has the outdated swagger of a shameless ` 70s blaxploitation shuck-and-jive sitcom .",moviereview,207
Exp2 100/genre,"An impressive debut for first-time writer-director Mark Romanek , especially considering his background is in music video .",tf-idf,9,0.04943465268390326,"Full of bland hotels , highways , parking lots , with some glimpses of nature and family warmth , Time Out is a discreet moan of despair about entrapment in the maze of modern life .",moviereview,201
Exp2 100/genre,"An impressive debut for first-time writer-director Mark Romanek , especially considering his background is in music video .",tf-idf,10,0.046954311161678114,"If I have to choose between gorgeous animation and a lame story -LRB- like , say , Treasure Planet -RRB- or so-so animation and an exciting , clever story with a batch of appealing characters , I 'll take the latter every time .",moviereview,202
Exp2 100/genre,One of those films that seems tailor made to air on pay cable to offer some modest amusements when one has nothing else to watch .,word2vec,1,0.9986356879307701,A late-night cable sexploitation romp masquerading as a thriller about the ruthless social order that governs college cliques .,moviereview,319
Exp2 100/genre,One of those films that seems tailor made to air on pay cable to offer some modest amusements when one has nothing else to watch .,word2vec,2,0.9981838730120873,"Although Barbershop boasts some of today 's hottest and hippest acts from the world of television , music and stand-up comedy , this movie strangely enough has the outdated swagger of a shameless ` 70s blaxploitation shuck-and-jive sitcom .",moviereview,327
Exp2 100/genre,One of those films that seems tailor made to air on pay cable to offer some modest amusements when one has nothing else to watch .,word2vec,3,0.9980756568678644,A spiffy animated feature about an unruly adolescent boy who is yearning for adventure and a chance to prove his worth .,moviereview,325
Exp2 100/genre,One of those films that seems tailor made to air on pay cable to offer some modest amusements when one has nothing else to watch .,word2vec,4,0.9980085576832196,"Though of particular interest to students and enthusiast of international dance and world music , the film is designed to make viewers of all ages , cultural backgrounds and rhythmic ability want to get up and dance .",moviereview,320
Exp2 100/genre,One of those films that seems tailor made to air on pay cable to offer some modest amusements when one has nothing else to watch .,word2vec,5,0.9979746318888597,"Some fine acting , but ultimately a movie with no reason for being .",moviereview,318
Exp2 100/genre,One of those films that seems tailor made to air on pay cable to offer some modest amusements when one has nothing else to watch .,word2vec,6,0.9979686266932576,Jacquot 's strategy allows his cast the benefit of being able to give full performances ... while demonstrating vividly that the beauty and power of the opera reside primarily in the music itself .,moviereview,331
Exp2 100/genre,One of those films that seems tailor made to air on pay cable to offer some modest amusements when one has nothing else to watch .,word2vec,7,0.9979466518866802,"Even these tales of just seven children seem at times too many , although in reality they are not enough .",moviereview,334
Exp2 100/genre,One of those films that seems tailor made to air on pay cable to offer some modest amusements when one has nothing else to watch .,word2vec,8,0.9979089853334192,"The acting in Pauline And Paulette is good all round , but what really sets the film apart is Debrauwer 's refusal to push the easy emotional buttons .",moviereview,321
Exp2 100/genre,One of those films that seems tailor made to air on pay cable to offer some modest amusements when one has nothing else to watch .,word2vec,9,0.9978962132275352,"The director and her capable cast appear to be caught in a heady whirl of New Age-inspired good intentions , but the spell they cast is n't the least bit mesmerizing .",moviereview,326
Exp2 100/genre,One of those films that seems tailor made to air on pay cable to offer some modest amusements when one has nothing else to watch .,word2vec,10,0.9978732717678821,The film ... presents classic moral-condundrum drama : What would you have done to survive ?,moviereview,329
Exp2 100/genre,"Even these tales of just seven children seem at times too many , although in reality they are not enough .",word2vec,1,0.9990128349728824,"To the film 's credit , the acting is fresh and unselfconscious , and Munch is a marvel of reality versus sappy sentiment .",moviereview,245
Exp2 100/genre,"Even these tales of just seven children seem at times too many , although in reality they are not enough .",word2vec,2,0.9981983779598613,The overall effect is less like a children 's movie than a recruitment film for future Hollywood sellouts .,moviereview,244
Exp2 100/genre,"Even these tales of just seven children seem at times too many , although in reality they are not enough .",word2vec,3,0.998040977680474,"The acting in Pauline And Paulette is good all round , but what really sets the film apart is Debrauwer 's refusal to push the easy emotional buttons .",moviereview,234
Exp2 100/genre,"Even these tales of just seven children seem at times too many , although in reality they are not enough .",word2vec,4,0.9979466518866802,One of those films that seems tailor made to air on pay cable to offer some modest amusements when one has nothing else to watch .,moviereview,246
Exp2 100/genre,"Even these tales of just seven children seem at times too many , although in reality they are not enough .",word2vec,5,0.9978763332300922,A spiffy animated feature about an unruly adolescent boy who is yearning for adventure and a chance to prove his worth .,moviereview,238
Exp2 100/genre,"Even these tales of just seven children seem at times too many , although in reality they are not enough .",word2vec,6,0.9978572626452866,"Although Barbershop boasts some of today 's hottest and hippest acts from the world of television , music and stand-up comedy , this movie strangely enough has the outdated swagger of a shameless ` 70s blaxploitation shuck-and-jive sitcom .",moviereview,242
Exp2 100/genre,"Even these tales of just seven children seem at times too many , although in reality they are not enough .",word2vec,7,0.9977709812187998,A late-night cable sexploitation romp masquerading as a thriller about the ruthless social order that governs college cliques .,moviereview,232
Exp2 100/genre,"Even these tales of just seven children seem at times too many , although in reality they are not enough .",word2vec,8,0.9977475621995885,Vera 's technical prowess ends up selling his film short ; he smoothes over hard truths even as he uncovers them .,moviereview,239
Exp2 100/genre,"Even these tales of just seven children seem at times too many , although in reality they are not enough .",word2vec,9,0.997700418743399,"At 90 minutes this movie is short , but it feels much longer .",moviereview,231
Exp2 100/genre,"Even these tales of just seven children seem at times too many , although in reality they are not enough .",word2vec,10,0.9976665132832213,"It 's not that Waiting For Happiness is a bad film , because it is n't .",moviereview,237
Exp2 100/genre,"An impressive debut for first-time writer-director Mark Romanek , especially considering his background is in music video .",word2vec,1,0.9986394879395221,"Human Resources was a good , straightforward tale , but Time Out is better .",moviereview,210
Exp2 100/genre,"An impressive debut for first-time writer-director Mark Romanek , especially considering his background is in music video .",word2vec,2,0.9986200807017738,"Though of particular interest to students and enthusiast of international dance and world music , the film is designed to make viewers of all ages , cultural backgrounds and rhythmic ability want to get up and dance .",moviereview,209
Exp2 100/genre,"An impressive debut for first-time writer-director Mark Romanek , especially considering his background is in music video .",word2vec,3,0.9986138946816644,"Full of bland hotels , highways , parking lots , with some glimpses of nature and family warmth , Time Out is a discreet moan of despair about entrapment in the maze of modern life .",moviereview,201
Exp2 100/genre,"An impressive debut for first-time writer-director Mark Romanek , especially considering his background is in music video .",word2vec,4,0.9985529542919551,"Although Barbershop boasts some of today 's hottest and hippest acts from the world of television , music and stand-up comedy , this movie strangely enough has the outdated swagger of a shameless ` 70s blaxploitation shuck-and-jive sitcom .",moviereview,207
Exp2 100/genre,"An impressive debut for first-time writer-director Mark Romanek , especially considering his background is in music video .",word2vec,5,0.9984458414677204,Jacquot 's strategy allows his cast the benefit of being able to give full performances ... while demonstrating vividly that the beauty and power of the opera reside primarily in the music itself .,moviereview,208
Exp2 100/genre,"An impressive debut for first-time writer-director Mark Romanek , especially considering his background is in music video .",word2vec,6,0.9982421835424773,"The director and her capable cast appear to be caught in a heady whirl of New Age-inspired good intentions , but the spell they cast is n't the least bit mesmerizing .",moviereview,211
Exp2 100/genre,"An impressive debut for first-time writer-director Mark Romanek , especially considering his background is in music video .",word2vec,7,0.9982416809475704,"More timely than its director could ever have dreamed , this quietly lyrical tale probes the ambiguous welcome extended by Iran to the Afghani refugees who streamed across its borders , desperate for work and food .",moviereview,205
Exp2 100/genre,"An impressive debut for first-time writer-director Mark Romanek , especially considering his background is in music video .",word2vec,8,0.9981816444259317,The work of a filmmaker who has secrets buried at the heart of his story and knows how to take time revealing them .,moviereview,204
Exp2 100/genre,"An impressive debut for first-time writer-director Mark Romanek , especially considering his background is in music video .",word2vec,9,0.9981772742132472,Director Roger Kumble offers just enough sweet and traditional romantic comedy to counter the crudity .,moviereview,203
Exp2 100/genre,"An impressive debut for first-time writer-director Mark Romanek , especially considering his background is in music video .",word2vec,10,0.9981226351819013,"Alternately hilarious and sad , aggravating and soulful , scathing and joyous .",moviereview,206
Exp2 100/genre,I struggle with the Catholic concept of baptism being a gift we give infants because it is God's gift to us.,one-hot,1,0.1259881576697424,I'm starting to fray at the ends- the next step is to break- somethings gotta give and I'm pulling with all my might to keep everything together.,blog,252
Exp2 100/genre,I struggle with the Catholic concept of baptism being a gift we give infants because it is God's gift to us.,one-hot,2,0.0,"You build friendships as fortifications against getting too old too fast, but sometimes life just catches up with you regardless of your efforts.",blog,262
Exp2 100/genre,I struggle with the Catholic concept of baptism being a gift we give infants because it is God's gift to us.,one-hot,3,0.0,"ok, so do me a favor.",blog,260
Exp2 100/genre,I struggle with the Catholic concept of baptism being a gift we give infants because it is God's gift to us.,one-hot,4,0.0,"i don't want to burn any bridges, incase i've crossed the wrong one.",blog,261
Exp2 100/genre,I struggle with the Catholic concept of baptism being a gift we give infants because it is God's gift to us.,one-hot,5,0.0,Something has to happen SOON.,blog,249
Exp2 100/genre,I struggle with the Catholic concept of baptism being a gift we give infants because it is God's gift to us.,one-hot,6,0.0,Love you.,blog,264
Exp2 100/genre,I struggle with the Catholic concept of baptism being a gift we give infants because it is God's gift to us.,one-hot,7,0.0,"I can live with that, I wish I had something to do though._.; I feel lonely.",blog,263
Exp2 100/genre,I struggle with the Catholic concept of baptism being a gift we give infants because it is God's gift to us.,one-hot,8,0.0,"While I have no doubt whatsoever that my equipment is clean and disease free I devote at least as much attention to cleaning that as I do my hands; any women dating these boys should be weary of the possible filth that probably accompanies sexual relations with him if he can't even take care of his hands, I cannot say the same for others, and cannot vouch for where their hands have been prior to touching the same surfaces that I have, such as the toilet seat, flush lever, and door handles.",blog,265
Exp2 100/genre,I struggle with the Catholic concept of baptism being a gift we give infants because it is God's gift to us.,one-hot,9,0.0,It means I have some tough choices to make.,blog,257
Exp2 100/genre,I struggle with the Catholic concept of baptism being a gift we give infants because it is God's gift to us.,one-hot,10,0.0,But in order to recieve the blessing we must first realize that our emotions are always connected to a need being met or unmet.,blog,253
Exp2 100/genre,"You build friendships as fortifications against getting too old too fast, but sometimes life just catches up with you regardless of your efforts.",one-hot,1,0.1690308509457033,I realized that my life belongs to me.  Fuck the bullshit.,blog,343
Exp2 100/genre,"You build friendships as fortifications against getting too old too fast, but sometimes life just catches up with you regardless of your efforts.",one-hot,2,0.1690308509457033,"Oh well, I will find space or have Tim build me some shelves.",blog,347
Exp2 100/genre,"You build friendships as fortifications against getting too old too fast, but sometimes life just catches up with you regardless of your efforts.",one-hot,3,0.0,"ok, so do me a favor.",blog,354
Exp2 100/genre,"You build friendships as fortifications against getting too old too fast, but sometimes life just catches up with you regardless of your efforts.",one-hot,4,0.0,"i don't want to burn any bridges, incase i've crossed the wrong one.",blog,342
Exp2 100/genre,"You build friendships as fortifications against getting too old too fast, but sometimes life just catches up with you regardless of your efforts.",one-hot,5,0.0,Something has to happen SOON.,blog,351
Exp2 100/genre,"You build friendships as fortifications against getting too old too fast, but sometimes life just catches up with you regardless of your efforts.",one-hot,6,0.0,Love you.,blog,348
Exp2 100/genre,"You build friendships as fortifications against getting too old too fast, but sometimes life just catches up with you regardless of your efforts.",one-hot,7,0.0,"I can live with that, I wish I had something to do though._.; I feel lonely.",blog,350
Exp2 100/genre,"You build friendships as fortifications against getting too old too fast, but sometimes life just catches up with you regardless of your efforts.",one-hot,8,0.0,"While I have no doubt whatsoever that my equipment is clean and disease free I devote at least as much attention to cleaning that as I do my hands; any women dating these boys should be weary of the possible filth that probably accompanies sexual relations with him if he can't even take care of his hands, I cannot say the same for others, and cannot vouch for where their hands have been prior to touching the same surfaces that I have, such as the toilet seat, flush lever, and door handles.",blog,344
Exp2 100/genre,"You build friendships as fortifications against getting too old too fast, but sometimes life just catches up with you regardless of your efforts.",one-hot,9,0.0,It means I have some tough choices to make.,blog,337
Exp2 100/genre,"You build friendships as fortifications against getting too old too fast, but sometimes life just catches up with you regardless of your efforts.",one-hot,10,0.0,But in order to recieve the blessing we must first realize that our emotions are always connected to a need being met or unmet.,blog,346
Exp2 100/genre,"I wanted to leave at intermission, but my date was really enjoying it should have been a sign so we stayed.",one-hot,1,0.2182178902359924,i leave for london in NINE DAYS.,blog,274
Exp2 100/genre,"I wanted to leave at intermission, but my date was really enjoying it should have been a sign so we stayed.",one-hot,2,0.11952286093343936,"then he calls again and, knowing that's the international sign for pick up the frickin' phone, i picked it up thinkin' there was something wrong with him.",blog,276
Exp2 100/genre,"I wanted to leave at intermission, but my date was really enjoying it should have been a sign so we stayed.",one-hot,3,0.08671099695241198,"When I imagine the rituals of others, things like a daily, morning run something hard for me to fathom, I admit, meditation, feeding the ducks on Thursdays, after-dinner strolls with your family, poker night, date night.",blog,277
Exp2 100/genre,"I wanted to leave at intermission, but my date was really enjoying it should have been a sign so we stayed.",one-hot,4,0.0,"You build friendships as fortifications against getting too old too fast, but sometimes life just catches up with you regardless of your efforts.",blog,275
Exp2 100/genre,"I wanted to leave at intermission, but my date was really enjoying it should have been a sign so we stayed.",one-hot,5,0.0,"ok, so do me a favor.",blog,273
Exp2 100/genre,"I wanted to leave at intermission, but my date was really enjoying it should have been a sign so we stayed.",one-hot,6,0.0,"i don't want to burn any bridges, incase i've crossed the wrong one.",blog,272
Exp2 100/genre,"I wanted to leave at intermission, but my date was really enjoying it should have been a sign so we stayed.",one-hot,7,0.0,Something has to happen SOON.,blog,267
Exp2 100/genre,"I wanted to leave at intermission, but my date was really enjoying it should have been a sign so we stayed.",one-hot,8,0.0,Love you.,blog,271
Exp2 100/genre,"I wanted to leave at intermission, but my date was really enjoying it should have been a sign so we stayed.",one-hot,9,0.0,"I can live with that, I wish I had something to do though._.; I feel lonely.",blog,269
Exp2 100/genre,"I wanted to leave at intermission, but my date was really enjoying it should have been a sign so we stayed.",one-hot,10,0.0,"While I have no doubt whatsoever that my equipment is clean and disease free I devote at least as much attention to cleaning that as I do my hands; any women dating these boys should be weary of the possible filth that probably accompanies sexual relations with him if he can't even take care of his hands, I cannot say the same for others, and cannot vouch for where their hands have been prior to touching the same surfaces that I have, such as the toilet seat, flush lever, and door handles.",blog,280
Exp2 100/genre,I struggle with the Catholic concept of baptism being a gift we give infants because it is God's gift to us.,tf-idf,1,0.0902628009640057,I'm starting to fray at the ends- the next step is to break- somethings gotta give and I'm pulling with all my might to keep everything together.,blog,252
Exp2 100/genre,I struggle with the Catholic concept of baptism being a gift we give infants because it is God's gift to us.,tf-idf,2,0.0,"You build friendships as fortifications against getting too old too fast, but sometimes life just catches up with you regardless of your efforts.",blog,262
Exp2 100/genre,I struggle with the Catholic concept of baptism being a gift we give infants because it is God's gift to us.,tf-idf,3,0.0,"ok, so do me a favor.",blog,260
Exp2 100/genre,I struggle with the Catholic concept of baptism being a gift we give infants because it is God's gift to us.,tf-idf,4,0.0,"i don't want to burn any bridges, incase i've crossed the wrong one.",blog,261
Exp2 100/genre,I struggle with the Catholic concept of baptism being a gift we give infants because it is God's gift to us.,tf-idf,5,0.0,Something has to happen SOON.,blog,249
Exp2 100/genre,I struggle with the Catholic concept of baptism being a gift we give infants because it is God's gift to us.,tf-idf,6,0.0,Love you.,blog,264
Exp2 100/genre,I struggle with the Catholic concept of baptism being a gift we give infants because it is God's gift to us.,tf-idf,7,0.0,"I can live with that, I wish I had something to do though._.; I feel lonely.",blog,263
Exp2 100/genre,I struggle with the Catholic concept of baptism being a gift we give infants because it is God's gift to us.,tf-idf,8,0.0,"While I have no doubt whatsoever that my equipment is clean and disease free I devote at least as much attention to cleaning that as I do my hands; any women dating these boys should be weary of the possible filth that probably accompanies sexual relations with him if he can't even take care of his hands, I cannot say the same for others, and cannot vouch for where their hands have been prior to touching the same surfaces that I have, such as the toilet seat, flush lever, and door handles.",blog,265
Exp2 100/genre,I struggle with the Catholic concept of baptism being a gift we give infants because it is God's gift to us.,tf-idf,9,0.0,It means I have some tough choices to make.,blog,257
Exp2 100/genre,I struggle with the Catholic concept of baptism being a gift we give infants because it is God's gift to us.,tf-idf,10,0.0,But in order to recieve the blessing we must first realize that our emotions are always connected to a need being met or unmet.,blog,253
Exp2 100/genre,"You build friendships as fortifications against getting too old too fast, but sometimes life just catches up with you regardless of your efforts.",tf-idf,1,0.15218239873568773,"Oh well, I will find space or have Tim build me some shelves.",blog,347
Exp2 100/genre,"You build friendships as fortifications against getting too old too fast, but sometimes life just catches up with you regardless of your efforts.",tf-idf,2,0.14801076038167393,I realized that my life belongs to me.  Fuck the bullshit.,blog,343
Exp2 100/genre,"You build friendships as fortifications against getting too old too fast, but sometimes life just catches up with you regardless of your efforts.",tf-idf,3,0.0,"ok, so do me a favor.",blog,354
Exp2 100/genre,"You build friendships as fortifications against getting too old too fast, but sometimes life just catches up with you regardless of your efforts.",tf-idf,4,0.0,"i don't want to burn any bridges, incase i've crossed the wrong one.",blog,342
Exp2 100/genre,"You build friendships as fortifications against getting too old too fast, but sometimes life just catches up with you regardless of your efforts.",tf-idf,5,0.0,Something has to happen SOON.,blog,351
Exp2 100/genre,"You build friendships as fortifications against getting too old too fast, but sometimes life just catches up with you regardless of your efforts.",tf-idf,6,0.0,Love you.,blog,348
Exp2 100/genre,"You build friendships as fortifications against getting too old too fast, but sometimes life just catches up with you regardless of your efforts.",tf-idf,7,0.0,"I can live with that, I wish I had something to do though._.; I feel lonely.",blog,350
Exp2 100/genre,"You build friendships as fortifications against getting too old too fast, but sometimes life just catches up with you regardless of your efforts.",tf-idf,8,0.0,"While I have no doubt whatsoever that my equipment is clean and disease free I devote at least as much attention to cleaning that as I do my hands; any women dating these boys should be weary of the possible filth that probably accompanies sexual relations with him if he can't even take care of his hands, I cannot say the same for others, and cannot vouch for where their hands have been prior to touching the same surfaces that I have, such as the toilet seat, flush lever, and door handles.",blog,344
Exp2 100/genre,"You build friendships as fortifications against getting too old too fast, but sometimes life just catches up with you regardless of your efforts.",tf-idf,9,0.0,It means I have some tough choices to make.,blog,337
Exp2 100/genre,"You build friendships as fortifications against getting too old too fast, but sometimes life just catches up with you regardless of your efforts.",tf-idf,10,0.0,But in order to recieve the blessing we must first realize that our emotions are always connected to a need being met or unmet.,blog,346
Exp2 100/genre,"I wanted to leave at intermission, but my date was really enjoying it should have been a sign so we stayed.",tf-idf,1,0.2011892147594907,i leave for london in NINE DAYS.,blog,274
Exp2 100/genre,"I wanted to leave at intermission, but my date was really enjoying it should have been a sign so we stayed.",tf-idf,2,0.1086093999092903,"then he calls again and, knowing that's the international sign for pick up the frickin' phone, i picked it up thinkin' there was something wrong with him.",blog,276
Exp2 100/genre,"I wanted to leave at intermission, but my date was really enjoying it should have been a sign so we stayed.",tf-idf,3,0.0725647956708683,"When I imagine the rituals of others, things like a daily, morning run something hard for me to fathom, I admit, meditation, feeding the ducks on Thursdays, after-dinner strolls with your family, poker night, date night.",blog,277
Exp2 100/genre,"I wanted to leave at intermission, but my date was really enjoying it should have been a sign so we stayed.",tf-idf,4,0.0,"You build friendships as fortifications against getting too old too fast, but sometimes life just catches up with you regardless of your efforts.",blog,275
Exp2 100/genre,"I wanted to leave at intermission, but my date was really enjoying it should have been a sign so we stayed.",tf-idf,5,0.0,"ok, so do me a favor.",blog,273
Exp2 100/genre,"I wanted to leave at intermission, but my date was really enjoying it should have been a sign so we stayed.",tf-idf,6,0.0,"i don't want to burn any bridges, incase i've crossed the wrong one.",blog,272
Exp2 100/genre,"I wanted to leave at intermission, but my date was really enjoying it should have been a sign so we stayed.",tf-idf,7,0.0,Something has to happen SOON.,blog,267
Exp2 100/genre,"I wanted to leave at intermission, but my date was really enjoying it should have been a sign so we stayed.",tf-idf,8,0.0,Love you.,blog,271
Exp2 100/genre,"I wanted to leave at intermission, but my date was really enjoying it should have been a sign so we stayed.",tf-idf,9,0.0,"I can live with that, I wish I had something to do though._.; I feel lonely.",blog,269
Exp2 100/genre,"I wanted to leave at intermission, but my date was really enjoying it should have been a sign so we stayed.",tf-idf,10,0.0,"While I have no doubt whatsoever that my equipment is clean and disease free I devote at least as much attention to cleaning that as I do my hands; any women dating these boys should be weary of the possible filth that probably accompanies sexual relations with him if he can't even take care of his hands, I cannot say the same for others, and cannot vouch for where their hands have been prior to touching the same surfaces that I have, such as the toilet seat, flush lever, and door handles.",blog,280
Exp2 100/genre,I struggle with the Catholic concept of baptism being a gift we give infants because it is God's gift to us.,word2vec,1,0.9902756311155829,I'm starting to fray at the ends- the next step is to break- somethings gotta give and I'm pulling with all my might to keep everything together.,blog,252
Exp2 100/genre,I struggle with the Catholic concept of baptism being a gift we give infants because it is God's gift to us.,word2vec,2,0.9882408280395794,"Its really a testament to the vision of the ancients that in our world of skyscrapers and technical gadgetry, we are still fascinated by a two thousand year-old arrangement of stones.",blog,254
Exp2 100/genre,I struggle with the Catholic concept of baptism being a gift we give infants because it is God's gift to us.,word2vec,3,0.9880668513387141,"The hordes of people would change from day to day, for instance there was a three day period where we had over 90,000 Swedes in the city, leading up to their dramatic defeat at the hands of Zeh Germans.",blog,250
Exp2 100/genre,I struggle with the Catholic concept of baptism being a gift we give infants because it is God's gift to us.,word2vec,4,0.9880492881161376,"then he calls again and, knowing that's the international sign for pick up the frickin' phone, i picked it up thinkin' there was something wrong with him.",blog,259
Exp2 100/genre,I struggle with the Catholic concept of baptism being a gift we give infants because it is God's gift to us.,word2vec,5,0.9879137362604176,At one point I apologized for being so nervous and they told me that there were people a lot worse and that I wasn't using the words uh and um as often as others had been.,blog,256
Exp2 100/genre,I struggle with the Catholic concept of baptism being a gift we give infants because it is God's gift to us.,word2vec,6,0.9876794548931729,"The city really is like a human being, especially in the morning as you watch and hear it begin to awaken.",blog,248
Exp2 100/genre,I struggle with the Catholic concept of baptism being a gift we give infants because it is God's gift to us.,word2vec,7,0.987529059972578,"I'm worried that too many people, both in politics and out, don't appreciate the seriousness of the threat to American security and the evil of the enemy that faces us, Mr. Lieberman said at the Waterbury event.",blog,255
Exp2 100/genre,I struggle with the Catholic concept of baptism being a gift we give infants because it is God's gift to us.,word2vec,8,0.9874240158715062,"When I imagine the rituals of others, things like a daily, morning run something hard for me to fathom, I admit, meditation, feeding the ducks on Thursdays, after-dinner strolls with your family, poker night, date night.",blog,258
Exp2 100/genre,I struggle with the Catholic concept of baptism being a gift we give infants because it is God's gift to us.,word2vec,9,0.9873594390339443,"While I have no doubt whatsoever that my equipment is clean and disease free I devote at least as much attention to cleaning that as I do my hands; any women dating these boys should be weary of the possible filth that probably accompanies sexual relations with him if he can't even take care of his hands, I cannot say the same for others, and cannot vouch for where their hands have been prior to touching the same surfaces that I have, such as the toilet seat, flush lever, and door handles.",blog,265
Exp2 100/genre,I struggle with the Catholic concept of baptism being a gift we give infants because it is God's gift to us.,word2vec,10,0.986858361404728,"In fact the entire month of June was one continuous debate in the media between prominent politicians, celebrities, writers such as Guenther Grass and Christa Wolf, and other intellectuals about the meaning, origin and impact of this nationalism.",blog,251
Exp2 100/genre,"You build friendships as fortifications against getting too old too fast, but sometimes life just catches up with you regardless of your efforts.",word2vec,1,0.9914416218152244,they had to be stupid terrorists and think in their fundementalist clouded minds that they'd change the world.,blog,353
Exp2 100/genre,"You build friendships as fortifications against getting too old too fast, but sometimes life just catches up with you regardless of your efforts.",word2vec,2,0.9913333401117302,"I'm worried that too many people, both in politics and out, don't appreciate the seriousness of the threat to American security and the evil of the enemy that faces us, Mr. Lieberman said at the Waterbury event.",blog,345
Exp2 100/genre,"You build friendships as fortifications against getting too old too fast, but sometimes life just catches up with you regardless of your efforts.",word2vec,3,0.9913168492520584,"When I imagine the rituals of others, things like a daily, morning run something hard for me to fathom, I admit, meditation, feeding the ducks on Thursdays, after-dinner strolls with your family, poker night, date night.",blog,338
Exp2 100/genre,"You build friendships as fortifications against getting too old too fast, but sometimes life just catches up with you regardless of your efforts.",word2vec,4,0.9907972379656584,"In fact the entire month of June was one continuous debate in the media between prominent politicians, celebrities, writers such as Guenther Grass and Christa Wolf, and other intellectuals about the meaning, origin and impact of this nationalism.",blog,340
Exp2 100/genre,"You build friendships as fortifications against getting too old too fast, but sometimes life just catches up with you regardless of your efforts.",word2vec,5,0.9906497289324151,"then he calls again and, knowing that's the international sign for pick up the frickin' phone, i picked it up thinkin' there was something wrong with him.",blog,341
Exp2 100/genre,"You build friendships as fortifications against getting too old too fast, but sometimes life just catches up with you regardless of your efforts.",word2vec,6,0.9904827563181449,"While I have no doubt whatsoever that my equipment is clean and disease free I devote at least as much attention to cleaning that as I do my hands; any women dating these boys should be weary of the possible filth that probably accompanies sexual relations with him if he can't even take care of his hands, I cannot say the same for others, and cannot vouch for where their hands have been prior to touching the same surfaces that I have, such as the toilet seat, flush lever, and door handles.",blog,344
Exp2 100/genre,"You build friendships as fortifications against getting too old too fast, but sometimes life just catches up with you regardless of your efforts.",word2vec,7,0.9903962201296932,I realized that my life belongs to me.  Fuck the bullshit.,blog,343
Exp2 100/genre,"You build friendships as fortifications against getting too old too fast, but sometimes life just catches up with you regardless of your efforts.",word2vec,8,0.9902159326924342,"There are all sorts of mini-rituals that go into this regular event, including the collection of picnic dinner items and the precision methodology by which one gets the perfect spot on the lawn.",blog,352
Exp2 100/genre,"You build friendships as fortifications against getting too old too fast, but sometimes life just catches up with you regardless of your efforts.",word2vec,9,0.9901877103744617,"The city really is like a human being, especially in the morning as you watch and hear it begin to awaken.",blog,339
Exp2 100/genre,"You build friendships as fortifications against getting too old too fast, but sometimes life just catches up with you regardless of your efforts.",word2vec,10,0.9901808996205742,"The hordes of people would change from day to day, for instance there was a three day period where we had over 90,000 Swedes in the city, leading up to their dramatic defeat at the hands of Zeh Germans.",blog,349
Exp2 100/genre,"I wanted to leave at intermission, but my date was really enjoying it should have been a sign so we stayed.",word2vec,1,0.9946380037586309,"then he calls again and, knowing that's the international sign for pick up the frickin' phone, i picked it up thinkin' there was something wrong with him.",blog,276
Exp2 100/genre,"I wanted to leave at intermission, but my date was really enjoying it should have been a sign so we stayed.",word2vec,2,0.9938297475027492,"When I imagine the rituals of others, things like a daily, morning run something hard for me to fathom, I admit, meditation, feeding the ducks on Thursdays, after-dinner strolls with your family, poker night, date night.",blog,277
Exp2 100/genre,"I wanted to leave at intermission, but my date was really enjoying it should have been a sign so we stayed.",word2vec,3,0.9932998430614233,"Its really a testament to the vision of the ancients that in our world of skyscrapers and technical gadgetry, we are still fascinated by a two thousand year-old arrangement of stones.",blog,278
Exp2 100/genre,"I wanted to leave at intermission, but my date was really enjoying it should have been a sign so we stayed.",word2vec,4,0.9923833223277359,"I can't find any good images of the weird displays, so to view some you have to look here at the International Body Worlds Online Store.",blog,282
Exp2 100/genre,"I wanted to leave at intermission, but my date was really enjoying it should have been a sign so we stayed.",word2vec,5,0.9923453108777807,"In fact the entire month of June was one continuous debate in the media between prominent politicians, celebrities, writers such as Guenther Grass and Christa Wolf, and other intellectuals about the meaning, origin and impact of this nationalism.",blog,270
Exp2 100/genre,"I wanted to leave at intermission, but my date was really enjoying it should have been a sign so we stayed.",word2vec,6,0.9920735361362446,Then she proceeded to call me Meghan** and went through the required but hilariously inapplicable hazardous chemicals/safety concerns set of questions while the interns around me tried to stifle their laughter.,blog,266
Exp2 100/genre,"I wanted to leave at intermission, but my date was really enjoying it should have been a sign so we stayed.",word2vec,7,0.9919778687678871,"The hordes of people would change from day to day, for instance there was a three day period where we had over 90,000 Swedes in the city, leading up to their dramatic defeat at the hands of Zeh Germans.",blog,279
Exp2 100/genre,"I wanted to leave at intermission, but my date was really enjoying it should have been a sign so we stayed.",word2vec,8,0.9918761168001552,"The city really is like a human being, especially in the morning as you watch and hear it begin to awaken.",blog,268
Exp2 100/genre,"I wanted to leave at intermission, but my date was really enjoying it should have been a sign so we stayed.",word2vec,9,0.9914662965234866,At one point I apologized for being so nervous and they told me that there were people a lot worse and that I wasn't using the words uh and um as often as others had been.,blog,281
Exp2 100/genre,"I wanted to leave at intermission, but my date was really enjoying it should have been a sign so we stayed.",word2vec,10,0.9913573288717645,"While I have no doubt whatsoever that my equipment is clean and disease free I devote at least as much attention to cleaning that as I do my hands; any women dating these boys should be weary of the possible filth that probably accompanies sexual relations with him if he can't even take care of his hands, I cannot say the same for others, and cannot vouch for where their hands have been prior to touching the same surfaces that I have, such as the toilet seat, flush lever, and door handles.",blog,280
